:020000040800F2
:10000000F0180020D10100080D1200081511000899
:1000100009120008A90A0008313600080000000093
:10002000000000000000000000000000112F000888
:10003000AD0A00080000000011120008152F00088A
:10004000EB010008EB010008EB010008EB010008E0
:10005000EB010008EB010008EB010008EB010008D0
:10006000EB010008EB010008EB010008EB010008C0
:10007000EB010008EB010008EB010008EB010008B0
:10008000EB010008EB010008E5090008EB0100089E
:10009000EB010008EB010008EB010008EB01000890
:1000A000E931000875320008513400082532000893
:1000B0000000000031350008EB010008EB010008EA
:1000C000EB010008EB010008EB010008EB01000860
:1000D000EB01000899350008EB0100080000000062
:1000E000EB010008EB010008000000000000000028
:1000F0000000000000000000000000000000000000
:1001000000000000000000000000000000000000EF
:100110000000000000000000EB010008EB010008F7
:1001200000000000000000000000000000000000CF
:1001300000000000000000000000000000000000BF
:10014000EB010008000000000000000000000000BB
:10015000000000000000000000000000000000009F
:10016000000000000000000000000000000000008F
:10017000000000000000000000000000000000007F
:1001800000000000EB01000800000000000000007B
:10019000000000000000000000000000000000005F
:1001A000000000000000000000000000000000004F
:1001B0000000000000000000EB010008DFF80CD098
:1001C00000F0D2FB00480047C15A0008F018002098
:1001D0000648804706488047FEE7FEE7FEE7FEE761
:1001E000FEE7FEE7FEE7FEE7FEE7FEE75530000824
:1001F000BD0100082DE9F05F0546002092469B46B0
:1002000088460646814640241BE02846414647462C
:10021000224600F07EFA53465A46C01A914110D346
:1002200011461846224600F065FA2D1A67EB0108C0
:100230004F4622460120002100F05CFA17EB00092E
:100240004E41201EA4F10104DFDC484631462A4617
:100250004346BDE8F09F40EA01039B0703D009E055
:1002600008C9121F08C0042AFAD203E011F8013BA2
:1002700000F8013B521EF9D27047D2B201E000F8FB
:10028000012B491EFBD270470022F6E710B513463A
:100290000A4604461946FFF7F0FF204610BD10B588
:1002A0004843044608F042FF002805D00021002CF6
:1002B00002D0641E0155FAE710BD2DE9FE4F8046BD
:1002C00081EA0300C00F0C46009021F0004123F0AA
:1002D0000045B8EB0200A94105D2404621469046B0
:1002E0001C460B46024623F00040104347D0270D22
:1002F000C7F30A00C3F30A510290401A0190402844
:100300006BDAC3F3130040F4801B0098924620B1CF
:100310000023D2EB030A63EB0B0B01985946C0F1A3
:100320004002504600F0E6F906460D465046594652
:10033000019A00F0FEF910EB08006141002487EA01
:10034000115284EAE7731A4340D0009A62B3019ACB
:10035000012A4FEA075215DC001B61EB02014FF046
:10036000004202EA0752CDE90042001C41F580112B
:1003700032462B4600F035FA03B0BDE8F08F404618
:100380002146F9E7001B61EB0201001C41F58013D7
:1003900000185B412018A2F5001747EB030140EA63
:1003A000D570B6196D4111E06D084FEA360645EA81
:1003B000C0754FEA0752001B61EB0201001C41F5BA
:1003C000801149084FEA30000019514132462B464E
:1003D00003B0BDE8F04F00F0F5B9009801224000ED
:1003E0000023D0EB020263EBE073009821464FEA52
:1003F000E074B8EB000061EB0401E9E783F000432F
:100400005BE781F0004158E72DE9FE4F81EA0304E4
:1004100004F0004421F0004100944FF0000B23F061
:10042000004350EA01045ED052EA03045BD0C3F3F8
:100430000A54C1F30A552C44A4F2F3340194A0FBEE
:100440000254C1F3130141F48011C3F3130343F4C5
:10045000801301FB024400FB034E840A970A44EA1E
:10046000815447EA8357A4FB076802958D0A05FB70
:1004700007854FEA932C04FB0C542705029D4FEA95
:10048000065847EA1637B5EB08056EEB070C870EE2
:10049000920E47EA811742EA8312A7FB0201B6EBEC
:1004A0000B0164EB00042B0D43EA0C335E1844EBA4
:1004B0001C50DA465146E7FB0201C5F313044FEA2C
:1004C0000B3343EA14534FEA0432019C43EA060318
:1004D000A4F10C040294009CCDE900B400F081F971
:1004E00003B0BDE8F08F00200146F9E72DE9F04D9B
:1004F00081EA030404F0004B21F0004514464FF05C
:10050000000A23F0004150EA050220D054EA01021B
:100510001DD0C5F30A570246C5F31303C1F31300F8
:10052000C1F30A5640F4801543F48013A7EB060884
:10053000101BD64608F2FD3873EB050002D308F114
:10054000010801E092185B41B8F1000F03DA0020C6
:100550000146BDE8F08D00204FF480110646844628
:100560000EE0171B73EB050705D3121B63EB0503A6
:1005700006434CEA010C49084FEA300092185B41EF
:1005800050EA0107EDD152EA030012D082EA0400DA
:1005900083EA0501084305D0101BAB4106D20122B6
:1005A000002306E000224FF0004302E06FF001025A
:1005B00053101AEB06004CEB085110EB0A0041EB0C
:1005C0000B01BDE8F04D00F0FDB830B5041E71F12F
:1005D000000404DB4FF00044404264EB0101141EB0
:1005E00073F1000405DB1C464FF00043524263EBFD
:1005F0000403101A8B4101D2012030BD002030BD10
:1006000030B5041E71F1000404DB4FF00044404299
:1006100064EB0101141E73F1000405DB1C464FF06E
:100620000043524263EB0403801A994101D2012036
:1006300030BD002030BD0EB5C10F80EAE070084427
:10064000CA07002140F233438DE80E000A460B46EC
:1006500000F0C7F803B000BD70B5C1F30A5201F055
:1006600000450024C1F3130140F2FF3341F480112F
:100670009A4201DA002070BD40F233439A42A2F25E
:10068000334203DC524200F044F800E090402C4337
:10069000F1D0404270BD00F0004230F000400AD07E
:1006A000C10D01F56071C0F3160042EA0151C208A4
:1006B00040071143704700200146704701F0004396
:1006C00030B421F0004150EA010206D00A0DA2F533
:1006D0006072C1F31301002A02DC30BC00207047B5
:1006E000440F44EAC104C100E01830BC00EBC25022
:1006F00000F031B8202A04DB203A00FA02F1002091
:1007000070479140C2F1200320FA03F3194390404F
:100710007047202A04DB203A21FA02F000217047BA
:1007200021FA02F3D040C2F1200291400843194659
:100730007047202A06DBCB17203A41FA02F043EA41
:10074000E07306E041FA02F3D040C2F1200291408A
:100750000843194670470029A8BF7047401C49004C
:1007600008BF20F00100704710B4B0FA80FC00FA16
:100770000CF050EA010404BF10BC704749B1CCF141
:10078000200421FA04F411FA0CF118BF01212143CD
:100790000843A3EB0C01CB1D4FEA00614FEA102088
:1007A00042BF002010BC704700EBC350104400292A
:1007B000A4BF10BC7047401C490008BF20F00100D6
:1007C00010BC704710B5141E73F1000408DA401C09
:1007D00041F1000192185B411A4301D120F0010060
:1007E00010BD2DE9F04D92469B4611B1B1FA81F250
:1007F00002E0B0FA80F220329046FFF77BFF044619
:100800000F4640EA0A0041EA0B0153465A460843A4
:1008100013D0114653EA010019D0C8F140025046E6
:10082000FFF777FF05460E46504659464246FFF70A
:1008300061FF084305D0012004E020463946BDE8A9
:10084000F08D0020054346EAE0762C4337430A98B2
:100850006305E40AA0EB08000022FD0A44EA4754BD
:100860000A3002D500200146E9E701051019694167
:10087000DDE9084500196941BDE8F04DA2E7000037
:100880002DE9F041054621F000400C46284309D0EF
:10089000C4F30A5040F23341884205DD2846214620
:1008A000BDE8F0812846FBE740F2FE31884210DCCB
:1008B0000CDB4FEA043040EA155050EA053105D010
:1008C000104804F0004101430020E9E70020014600
:1008D000E6E7A0F233404642C6F1400228462146F0
:1008E000FFF708FF07468846284621463246FFF7AD
:1008F00010FF43463A46FFF765FF3246BDE8F04138
:10090000FFF7F8BE0000F03F30B5041E71F100049F
:1009100004DB4FF00044404264EB0101141E73F10C
:10092000000405DB1C464FF00043524263EB040316
:100930008B4208BF824230BD30B5041E71F1000405
:1009400004DB4FF00044404264EB0101141E73F1DC
:10095000000405DB1C464FF00043524263EB0403E6
:10096000994208BF904230BD064C074D06E0E06852
:1009700040F0010394E8070098471034AC42F6D3E6
:10098000FFF720FC489200086892000870B58C18A8
:1009900010F8015B15F0070301D110F8013B2A1193
:1009A00006D110F8012B03E010F8016B01F8016B80
:1009B0005B1EF9D12B0705D40023521E0DD401F87C
:1009C000013BFAE710F8013BCB1A921C03E013F845
:1009D000015B01F8015B521EF9D5A142D8D300207A
:1009E00070BD0000B0B540F25804C2F20004E068E7
:1009F000042102F0BBFE002855D0E068042102F07B
:100A0000B1FE40F2FA40C2F200000078012836D16F
:100A1000E068002103F0F4FA40F2F045E168C2F228
:100A2000000528800846012103F0EAFAE1686880A1
:100A30000846022103F0E4FA2988A880592932D80F
:100A4000698859292FD8592888BFB0BD40F64C6015
:100A5000C2F2000040F27711C0E9031100214160A9
:100A600040F6441040F2F032C2F20000C2F200023E
:100A70000068C2E90411BDE8B04006F039BB40F29D
:100A8000B004C2F20004204604F098FAB4F9001051
:100A900040F21810C2F2000004F0F2FF40F63E11DE
:100AA000C2F200010880B0BDFEE700007047000000
:100AB00070B50B2888BF70BDDFE810F00C0028006F
:100AC000550064008700A600E90002017B012501B2
:100AD0007B0172010020C4F2010004F0D3FA40F25D
:100AE000C040C2F200000022027040F2C34342F252
:100AF0000010C2F20003C4F2010000F567404FF499
:100B000080411A70BDE8704004F06EBF0020C4F24E
:100B1000010004F0B7FA05F023FE41F29420C2F27E
:100B200000000022028040F2F030C2F20000C0E972
:100B3000042240F2C040C2F20000027040F2C34002
:100B4000C2F20000027040F2CA4040F2C243C2F258
:100B50000000C2F200030270022010211A70BDE8EA
:100B6000704003F0C1BD41F29420C2F200000021A8
:100B7000018040F2C340C2F200000170BDE8704045
:100B800006F088BB41F29420C2F2000000210180EF
:100B900006F0C4FA06F0F2FA40F25804C2F2000479
:100BA000204603F0B7FA204603F040FC40F2C04074
:100BB000C2F200000121017040F2C340C2F2000005
:100BC0000170BDE8704006F0F1BA40F2C04040F25A
:100BD000DC42C2F200000121C2F200021278017070
:100BE00040F2C340C2F20000002A18BF0122027086
:100BF00040F2CA40C2F200000021017041F294208C
:100C0000C2F20000018070BD0024C4F2010420463D
:100C100004F038FA02200021002603F065FD42F2BC
:100C20000015C4F20105284604210122012303F026
:100C300007F8284605210222012303F001F828467F
:100C400006210322012302F0FBFFA4F57C400021D2
:100C500006F0ACFE46F25800C4F20200002104F097
:100C600029FA40F2C040C2F20000067040F2C340D0
:100C7000C2F20000067040F2B000C2F2000006604E
:100C800041F28020C2F20000C0E9006670BD002081
:100C9000C4F2010004F0F6F940F2C040C2F20000D4
:100CA0000021017040F2C340C2F20000017041F225
:100CB0009120C2F200000170BDE8704005F050BD07
:100CC0000020C4F2010004F0DDF940F2C040C2F29D
:100CD00000000021017040F2C340C2F20000017028
:100CE00041F29120C2F20000017005F039FD42F29C
:100CF0000010C4F2010000F567404FF48041BDE8E8
:100D0000704004F073BE40F2C040C2F20000012106
:100D1000017040F2C340C2F20000017040F2DF40B7
:100D2000C2F20000017040F2CA40C2F2000000228C
:100D3000027040F2C24040F25804C2F20000C2F217
:100D400000040170204603F0E5F9204603F06EFB35
:100D500005F018F940F23C10C2F2000004210170C5
:100D6000042003F099FA0024C4F201042046202153
:100D700006F032FE2046002106F01EFE204600212D
:100D800006F01AFE2046012106F010FE2046012141
:100D900006F00CFE20460121BDE8704007F0D8B8EF
:100DA00005F044F940F2C010C2F200000021A0F8A2
:100DB000421070BD10B540F23A10C2F20000007847
:100DC0000B2822D8DFE800F0062236395D8921970A
:100DD00021A621B141F27620C2F20000B0F9000054
:100DE00000280CDC40F6E650C2F20000007830B17A
:100DF00040F2DE40C2F200000078002874D140F2D8
:100E0000FA40C2F200000021017010BD40F2DC4047
:100E1000C2F20000007800F0FE01022940F0898053
:100E200041F29120C2F200000078012840F05B817D
:100E3000092053E103F04EF9B8E040F2DC40C2F281
:100E400000000078002800F0968041F27420C2F281
:100E50000000B0F90000072800F3948041F29420CC
:100E6000C2F20000018801310AB2B2F57A7F018036
:100E7000C0F29C8040F2FA40C2F2000001210170F1
:100E800094E040F2DC40C2F200000078002800F05C
:100E90009C80042800F0AE800528B6D141F2912054
:100EA000C2F20000007841F280240028C2F200045F
:100EB00000F0DF802068002848BF4042C72800F2C9
:100EC000DE8040F64C60C2F20000007A002814BFB9
:100ED0006FF0C700C8202060D1E040F64C60C2F23D
:100EE00000004068002869D140F2FA40C2F20000D8
:100EF0000121017010BD40F2F840C2F200000088EC
:100F0000002818BF10BD40F2FA40C2F200000021D4
:100F1000017010BD41F29120C2F20000007801285A
:100F200022D1BDE8104000F017B9BDE8104005F02F
:100F300033B9002872D0042800F08480052840F0DE
:100F4000D28041F28020C2F20000006841F291217B
:100F50000028C2F2000100F088800A78012A40F0DF
:100F6000848001287EDAB6E040F2B000C2F20000D0
:100F70000021418022E040F2FA40C2F20000042148
:100F8000017013E040F2FA40C2F200000421017047
:100F900041F29020C2F200000321017041F294203E
:100FA000C2F200000021018006F028F841F29120F1
:100FB000C2F20000007800287FF427AF40F2FA4028
:100FC000C2F200000521017010BD41F29120C2F271
:100FD000000000780028F1D040F2C341C2F20001C5
:100FE000002240F6B250C2F200000A70BDE8104084
:100FF00005F086BB41F2912140F2DF40C2F20001D0
:10100000C2F2000009780122027040F2FA40002981
:10101000C2F20000D6D00421017010BD41F291202F
:10102000C2F200000078012850D140F6B254C2F25A
:1010300000046189B4F90600A18003F081FA6080A0
:1010400003204BE040F2B000C2F20000B0F9020011
:1010500041F29121C2F2000138B10A78012A04D18B
:10106000012835DB04F08EFF37E0002008700120F6
:1010700034E040F2FA40C2F200000521017020463F
:1010800003F0DEFB40F64C61C2F200016068496883
:10109000441A40F61860C2F20000214605F046FFEF
:1010A00040F2B001C2F20001488040F2B430C2F216
:1010B0000000214605F03AFF41F2E421C2F20001AE
:1010C000088040F2DF40C2F2000020E7012005E086
:1010D000B0F1FF3F01DC04F0F5FE022040F2FA41DE
:1010E000C2F20001087040F21004C2F2000494F849
:1010F000400001287FF489AE204603F069FD40F6E8
:10110000E851C2F20001204605F0F8FF032084F800
:10111000400010BDFEE7000010B542F20014C4F21A
:101120000104A4F5045003F0AFFE40F2B000C2F297
:101130000000012103F034FE40F2DE41C2F2000162
:1011400008702046042102F00DFB20468021012278
:10115000BDE8104002F010BB40F2B24CC2F2000CED
:10116000BCF8001040F2EC42C2F2000201311288D9
:101170008BB2B3FBF2F000FB1230002818BF084618
:1011800040F2E841C2F20001098882B28A42ACF81A
:10119000000017D240F2EA40C2F20000B0F900109D
:1011A00040F2B000C2F20000012941801BDB0121A6
:1011B000A0F8461040F6E850C2F2000047F6FF7172
:1011C0000161704740F2B000C2F20000002141808E
:1011D00040F6E850C2F20000416141F2E420C2F260
:1011E000000001807047B1F1FF3FC8BF70474FF664
:1011F000FF71A0F8461040F6E8500021C2F200004E
:10120000C8F2010101617047FEE70000704700006D
:101210007047000010B5013807286CD8DFE810F0DF
:1012200008003B006B00A200D100660101013A01F9
:1012300040F27442C2F2000241F291201278C2F2EE
:101240000000012141F2962C40F2FB4E0170A2F108
:101250001001C2F2000C0022C2F2000E8CF8001045
:10126000ACF801208CF8271007E000BF00200EF832
:1012700002000132042A00F0758193B2002B084667
:10128000F5D0022BF2D0012BF0D00846022A98BFED
:101290001CF80200EBE740F27442C2F2000212783E
:1012A00041F2912141F2962C40F2FB4EC2F2000134
:1012B0000020103AC2F2000CC2F2000E08708CF846
:1012C0000020ACF801008CF8272006E000210EF881
:1012D00000100130042800F0458183B2002B114634
:1012E000F5D0022BF2D0012BF0D01146022898BF86
:1012F0001CF80010EBE740F27440C2F200000078E6
:1013000041F2962CA0F12002C2F2000C0120ACF8B0
:10131000010006208CF80300072050FA82F040F20A
:10132000FB4100EB102E0023C2F200018CF80020DC
:101330008CF827E00AE000BF7046032B98BF1CF82A
:101340000300C8540133052B00F00C819CB2002C23
:101350001046F6D0022C03D0012CEDD10120F0E78D
:101360000020EEE707F0F2F940F27440C2F200000C
:10137000007841F2962C40F2FB4EA0F11001C2F22F
:10138000000C0022C2F2000E8CF80010ACF8012014
:101390008CF8271007E000BF00200EF80200013291
:1013A000042A00F0DF8093B2002B0846F5D0022B10
:1013B000F2D0012BF0D00846022A98BF1CF8020098
:1013C000EBE740F27442C2F20002127840F2F841B8
:1013D00041F2962C40F2FB4EC2F200010020103A7E
:1013E000C2F2000CC2F2000E08808CF80020ACF8AB
:1013F00001008CF8272006E000210EF800100130D3
:10140000042800F0AF8083B2002B1146F5D0022BE8
:10141000F2D0012BF0D01146022898BF1CF8001022
:10142000EBE740F2FA40C2F200000078012806D152
:1014300040F21000C2F20000012180F8401040F29A
:101440007440C2F20000007841F2962C40F2FB4E4C
:10145000A0F11001C2F2000C0022C2F2000E8CF8C2
:101460000010ACF801208CF8271005E000200EF8E1
:1014700002000132042A75D093B2002B0846F6D040
:10148000022BF3D0012BF1D00846022A98BF1CF89A
:101490000200ECE740F27440C2F20000007841F232
:1014A000962C40F2FB4EA0F11001C2F2000C00227B
:1014B000C2F2000E8CF80010ACF801208CF8271056
:1014C00006E000BF00200EF802000132042A49D0D5
:1014D00093B2002B0846F6D0022BF3D0012BF1D0AB
:1014E0000846022A98BF1CF80200ECE740F2FA40D6
:1014F000C2F200000178012908D140F2C011C2F205
:101500000001012281F83D200B21017040F274405E
:10151000C2F20000007841F2962C40F2FB4EA0F19E
:101520001001C2F2000C0022C2F2000E8CF8001072
:10153000ACF801208CF8271006E000BF00200EF860
:1015400002000132042A0DD093B2002B0846F6D0D7
:10155000022BF3D0012BF1D00846022A98BF1CF8C9
:101560000200ECE740F2C440C2F200000121017029
:1015700010BD00000138C82800F25D81DFE810F0DE
:10158000C900CE00D500DC00E500EE00F700000148
:10159000090112011B0124012A01310138013E0118
:1015A00047014D0154015B015B015B015B015B0184
:1015B0006C0172015B015B0177017D015B018601BA
:1015C0008D0194019B01A201AB01B401BD01C601D3
:1015D000CF015B015B015B015B015B015B015B01B7
:1015E0005B015B015B015B015B015B015B01D8019E
:1015F0005B015B015B015B015B015B015B015B010B
:101600005B015B015B015B015B015B015B015B01FA
:101610005B015B015B015B015B015B015B015B01EA
:101620005B015B015B015B015B01E101E8015B01C7
:101630005B015B015B015B015B015B015B015B01CA
:101640005B015B015B015B015B015B015B015B01BA
:101650005B015B015B015B01EF01F501FC01030232
:1016600008020F021802210227022D0233023A0259
:1016700041024A0250025B015702600266026D029B
:101680005B015B0174025B015B0182025B015B0138
:101690005B015B015B015B015B015B015B015B016A
:1016A0005B015B015B015B015B015B015B015B015A
:1016B0005B015B015B015B015B015B015B015B014A
:1016C0005B015B015B015B015B015B015B015B013A
:1016D0005B015B015B015B015B015B015B015B012A
:1016E0005B015B015B015B015B015B015B015B011A
:1016F0005B015B015B015B015B015B015B015B010A
:101700005B015B015B015B015B015B015B018F02C4
:1017100096024FF60040C0F601005CE14FF6004033
:10172000C0F6010000F10802A4E14FF60040C0F647
:10173000010000F10C02AAE141F2962040F2EA42D7
:10174000C2F20000C2F2000298E141F2962040F29B
:10175000EC42C2F20000C2F200028FE141F2962098
:1017600040F2E842C2F20000C2F2000286E141F219
:10177000962040F2FA42C2F20000C2F200028AE170
:1017800041F2962040F2DC42C2F20000C2F20002B6
:1017900081E141F2962040F2DD42C2F20000C2F245
:1017A000000278E141F2962041F28022C2F200006C
:1017B000C2F2000284E141F2962040F61862C2F2C1
:1017C0000000C2F2000259E140F61860C2F20000C7
:1017D000821C4FE140F61860C2F2000000F12002C6
:1017E00048E140F61860C2F2000000F1220241E137
:1017F00040F2B000C2F20000821C3BE141F29620B0
:1018000040F6E852C2F20000C2F2000236E140F6B1
:10181000E850C2F20000821C2CE140F6E850C2F20F
:10182000000000F1200225E140F6E850C2F200007D
:1018300000F122021EE180B582B003208DF807007E
:1018400041F29620C2F200000DF10702E0210823C8
:1018500001F038FC02B080BD41F2BE20C2F20000AF
:10186000821D07E141F2BE20C2F20000B3E040F663
:101870004C60C2F20000021D1EE141F2962040F2CF
:10188000B002C2F20000C2F20002F7E04FF60040E0
:10189000C0F6010000F180020EE14FF60040C0F6F4
:1018A000010000F1840207E141F28020C2F2000051
:1018B00000F10802DEE041F28020C2F2000000F1F7
:1018C0000A02D7E041F2962040F64812C2F2000028
:1018D000C2F20002D2E041F2962040F64A12C2F271
:1018E0000000C2F20002C9E041F2962041F28C22CF
:1018F000C2F20000C2F20002C0E041F2962041F2C2
:101900008E22C2F20000C2F20002B7E041F296203D
:1019100041F2EC22C2F20000C2F20002AEE041F25B
:10192000962041F2EA22C2F20000C2F20002A5E0D3
:1019300041F2962040F2F842C2F20000C2F20002E8
:101940009CE040F25800C2F2000000F1320291E047
:1019500040F25800C2F2000000F134028AE040F682
:10196000B250C2F20000821D84E040F6B250C2F2D2
:10197000000000F108027DE040F6B250C2F2000023
:1019800000F10C0276E040F6B250C2F200006FE0C7
:1019900040F6B250C2F2000000F110026AE041F2DB
:1019A000962041F29222C2F20000C2F2000265E0EB
:1019B00041F2962040F62C12C2F20000C2F2000260
:1019C0005CE040F62C10C2F20000821C52E040F6AF
:1019D0002C10C2F20000021D4CE040F62C10C2F2A6
:1019E0000000821D46E040F62C10C2F2000000F11B
:1019F00008023FE040F62C10C2F2000000F10A029B
:101A000038E041F2962040F27412C2F20000C2F2B5
:101A1000000240E040F27410C2F20000C21C36E046
:101A200040F2C010C2F2000000F13D022FE041F28E
:101A3000962040F2B432C2F20000C2F200021DE071
:101A400040F2B430C2F20000821C13E040F2B43025
:101A5000C2F2000000F120020CE040F2B430C2F209
:101A6000000000F1220205E041F2BE20C2F20000B7
:101A700000F1120241F29620C2F20000F021102380
:101A800001F020BB40F2B430C2F20000821C41F2EF
:101A90009620C2F20000F021082301F013BB40F2AF
:101AA000C010C2F2000000F1140205E040F2C010C4
:101AB000C2F2000000F1180241F29620C2F20000CA
:101AC000F021202301F0FEBA70B5014600780138FC
:101AD000052854D8DFE800F003868B900F9541F27B
:101AE0009620C2F20000F02100224FF48073BDE87E
:101AF000704001F0E7BA8878C97840F2B54440F206
:101B0000B442C2F20004C2F200022170002110703F
:101B1000002500F0EDF82178044608460121012651
:101B200000F0E6F800EA040140F27440C2F200005E
:101B30000078012940F0A88041F2962140F2FB4252
:101B40001038C2F20001C2F200020870A1F8015080
:101B500081F8270006E000BF002353550135042D0E
:101B600000F0BF80AEB2002E0346F6D0022EF3D0B6
:101B7000012EF1D00346022D98BF4B5DEDE740F2F8
:101B80007440C2F20000007841F29621A0F12004D6
:101B9000C2F200010120A1F80100C870022050FA31
:101BA00084F040F2FB4500EB10220023C2F2000556
:101BB0000C7081F8272008E01046032B98BFC85C02
:101BC000E8540133052B00F08C809EB2002E204695
:101BD000F6D0022E04D0012EEED10120F0E700BF96
:101BE0000020EDE78878BDE87040FFF713BB8878E8
:101BF000BDE87040FFF7BEBC8878BDE8704000F0DB
:101C00005BB940F2744240F2B541C2F2000240F2C8
:101C1000B440C2F200011278C2F200000E7841F224
:101C200096210078A2F11004C2F2000102228B1C5E
:101C300052FA84F50C70A1F80120C8700E7100BF33
:101C400013F8010F013A10FA85F5F9D105EB1522C9
:101C500040F2FB450023C2F2000581F8272007E08F
:101C60001046042B98BFC85CE8540133062B38D0CB
:101C70009EB2002E2046F7D0022E03D0012EEFD1C7
:101C80000220F1E70020EFE741F29621A0F12004C5
:101C9000C2F200010320C870042050FA84F040F220
:101CA000FB4500EB10220023C2F200050C70A1F8E6
:101CB000016081F8272004E00020E8540133052B5F
:101CC0000FD09EB2002E2046F7D0022EF4D0012E67
:101CD00002D10120F1E700BF1046032B98BFC85C7A
:101CE000EBE740F2C440C2F200000121017070BD78
:101CF00010B50F384D2800F25980DFE810F04E0083
:101D0000570057005700570057005700570057001B
:101D100057008D009700570057005700A10057004B
:101D200057005700570057005700570057005700FB
:101D300057005700570057005700570057005700EB
:101D400057005700570057005700570057005700DB
:101D500057005700570057005700570057005700CB
:101D600057005700570057005700570057005700BB
:101D700057005700570057005700570057005700AB
:101D8000570057005700570057005700570057009B
:101D90005700AA00B400BD00C70040F64C1040F246
:101DA000B002C2F20000C2F200025AE040F27440F7
:101DB000C2F20000007841F2962CA0F12002C2F29B
:101DC000000C0120ACF8010003208CF80300042073
:101DD00050FA82F040F2FB4100EB102E0023C2F2D9
:101DE00000018CF800208CF827E008E07046032BF7
:101DF00098BF1CF80300C8540133052B53D09CB284
:101E0000002C1046F7D0022C04D0012CEED101207A
:101E1000F1E700BF0020EEE741F2BE2240F64C1091
:101E2000C2F20002C2F20000063238E041F2BE22E5
:101E300040F64C10C2F20002C2F2000004322EE062
:101E400040F64C1040F2B002C2F20000C2F20002B2
:101E500025E040F64C1041F2BE22C2F20000C2F270
:101E6000000202321BE040F64C1041F2BE22C2F2E8
:101E70000000C2F2000212E041F2BE2240F64C1015
:101E8000C2F20002C2F200000C3208E041F2BE22AF
:101E900040F64C10C2F20002C2F200000E3240F8CE
:101EA0002120012010BD40F2C440C2F200000121F7
:101EB0000170002010BD000010B582B004387C28ED
:101EC00000F21B81DFE810F07D00B100E500190190
:101ED00052018501B701EB011F0253028702C302C1
:101EE000DD021103450379031901190119011901D3
:101EF00019011901190119018307190119011901A2
:101F000019011901B503E9031D0453048904BD0433
:101F1000F104250519011901190119011901190106
:101F200019011901190119011901190119011901E1
:101F300019011901190119011901190119011901D1
:101F400019011901190119011901190119011901C1
:101F500019011901190119011901190119011901B1
:101F600019011901190119011901190159058D05E5
:101F70001901190119011901190119011901190191
:101F80001901190119011901190119011901190181
:101F900019011901190119011901C105F5051406E5
:101FA000470666067A061901190119011901190176
:101FB00019011901190119011901AD06E1061507E9
:101FC000490740F27442C2F20002B1F8030040F245
:101FD000EA411278C2F2000141F2962C40F2FB4E27
:101FE0000880A2F11001C2F2000C0022C2F2000E21
:101FF0008CF80010ACF801208CF8271007E000BF27
:1020000000200EF802000132042A00F0798793B212
:10201000002B0846F5D0022BF2D0012BF0D0084659
:10202000022A98BF1CF80200EBE740F27442C2F2A9
:102030000002B1F8030040F2EC411278C2F2000154
:1020400041F2962C40F2FB4E0880A2F11001C2F240
:10205000000C0022C2F2000E8CF80010ACF8012037
:102060008CF8271007E000BF00200EF802000132B4
:10207000042A00F0458793B2002B0846F5D0022BC6
:10208000F2D0012BF0D00846022A98BF1CF80200BB
:10209000EBE740F27442C2F20002B1F8030040F2F2
:1020A000E8411278C2F2000141F2962C40F2FB4E58
:1020B0000880A2F11001C2F2000C0022C2F2000E50
:1020C0008CF80010ACF801208CF8271007E000BF56
:1020D00000200EF802000132042A00F0118793B2AA
:1020E000002B0846F5D0022BF2D0012BF0D0084689
:1020F000022A98BF1CF80200EBE740F27441C2F2DA
:102100000001097841F2962C0320C2F2000C8DF8F0
:102110000700A1F1200201218CF803000420ACF893
:10212000011050FA82F040F2FB4100EB102E002328
:10213000C2F200018CF800208CF827E00AE000BF12
:102140007046032B98BF1CF80300C8540133052BBD
:1021500000F037869CB2002C1046F6D0022C03D03B
:10216000012CEDD10120F0E70020EEE740F27442AF
:10217000C2F20002C87840F2DC411278C2F20001DB
:1021800041F2962C40F2FB4E0870A2F11001C2F20F
:10219000000C0022C2F2000E8CF80010ACF80120F6
:1021A0008CF8271007E000BF00200EF80200013273
:1021B000042A00F0A58693B2002B0846F5D0022B26
:1021C000F2D0012BF0D00846022A98BF1CF802007A
:1021D000EBE740F27442C2F20002C87840F2DD41FF
:1021E0001278C2F2000141F2962C40F2FB4E0870C8
:1021F000A2F11001C2F2000C0022C2F2000E8CF813
:102200000010ACF801208CF8271006E000200EF832
:1022100002000132042A00F0738693B2002B0846B4
:10222000F5D0022BF2D0012BF0D00846022A98BF3D
:102230001CF80200EBE740F27442C2F20002D1F84F
:10224000030041F280211278C2F2000141F2962C83
:1022500040F2FB4E0860A2F11001C2F2000C002215
:10226000C2F2000E8CF80010ACF801208CF8271098
:1022700007E000BF00200EF802000132042A00F03F
:102280003F8693B2002B0846F5D0022BF2D0012BEB
:10229000F0D00846022A98BF1CF80200EBE740F293
:1022A0007442C2F20002B1F8030040F618611278DD
:1022B000C2F2000141F2962C40F2FB4E0880A2F1DE
:1022C0001001C2F2000C0022C2F2000E8CF80010C5
:1022D000ACF801208CF8271007E000BF00200EF8B2
:1022E00002000132042A00F00B8693B2002B08464C
:1022F000F5D0022BF2D0012BF0D00846022A98BF6D
:102300001CF80200EBE740F27442C2F20002B1F89E
:10231000030040F618611278C2F2000141F2962CD7
:1023200040F2FB4E4880A2F11001C2F2000C0022E4
:10233000C2F2000E8CF80010ACF801208CF82710C7
:1023400007E000BF00200EF802000132042A00F06E
:10235000D78593B2002B0846F5D0022BF2D0012B83
:10236000F0D00846022A98BF1CF80200EBE740F2C2
:102370007442C2F20002B1F8030040F6186112780C
:10238000C2F2000141F2962C40F2FB4E0884A2F109
:102390001001C2F2000C0022C2F2000E8CF80010F4
:1023A000ACF801208CF8271007E000BF00200EF8E1
:1023B00002000132042A00F0A38593B2002B0846E4
:1023C000F5D0022BF2D0012BF0D00846022A98BF9C
:1023D0001CF80200EBE7B1F8030040F61861C2F206
:1023E0000001B1F91020B1F9123082408A6040F248
:1023F0007442C2F200021278488403FA00F041F2FB
:10240000962C40F2FB4EC860A2F11001C2F2000C03
:102410000022C2F2000E8CF80010ACF801208CF8FB
:10242000271006E000200EF802000132042A00F016
:10243000678593B2002B0846F5D0022BF2D0012B12
:10244000F0D00846022A98BF1CF80200EBE7B1F86A
:1024500003C044F69170ACEB000046F2DE01884206
:1024600000F2B78405208DF8070041F29620C2F2F1
:1024700000000DF10702E021082300F023FE02B066
:1024800010BDB1F9031040F6E850C2F2000004F0AC
:1024900083FD40F27440C2F20000007841F2962CB5
:1024A00040F2FB4EA0F11001C2F2000C0022C2F279
:1024B000000E8CF80010ACF801208CF8271006E014
:1024C00000200EF802000132042A00F0198593B2B0
:1024D000002B0846F5D0022BF2D0012BF0D0084695
:1024E000022A98BF1CF80200EBE7B1F9031040F68E
:1024F000E850C2F2000004F04DFD40F27440C2F218
:102500000000007841F2962C40F2FB4EA0F1100141
:10251000C2F2000C0022C2F2000E8CF80010ACF8DF
:1025200001208CF8271006E000200EF8020001328E
:10253000042A00F0E58493B2002B0846F5D0022B64
:10254000F2D0012BF0D00846022A98BF1CF80200F6
:10255000EBE740F27442C2F20002B1F8030040F629
:10256000E8511278C2F2000141F2962C40F2FB4E83
:102570000884A2F11001C2F2000C0022C2F2000E87
:102580008CF80010ACF801208CF8271007E000BF91
:1025900000200EF802000132042A00F0B18493B248
:1025A000002B0846F5D0022BF2D0012BF0D00846C4
:1025B000022A98BF1CF80200EBE7B1F8030040F6CE
:1025C000E851C2F20001B1F91020B1F91230824095
:1025D0008A6040F27442C2F200021278488403FA20
:1025E00000F041F2962C40F2FB4EC860A2F11001BF
:1025F000C2F2000C0022C2F2000E8CF80010ACF8FF
:1026000001208CF8271006E000200EF802000132AD
:10261000042A00F0758493B2002B0846F5D0022BF3
:10262000F2D0012BF0D00846022A98BF1CF8020015
:10263000EBE740F27442C2F20002B1F8030041F24B
:1026400080211278C2F2000141F2962C40F2FB4E3A
:102650000881A2F11001C2F2000C0022C2F2000EA9
:102660008CF80010ACF801208CF8271007E000BFB0
:1026700000200EF802000132042A00F0418493B2D7
:10268000002B0846F5D0022BF2D0012BF0D00846E3
:10269000022A98BF1CF80200EBE740F27442C2F233
:1026A0000002B1F8030041F280211278C2F2000169
:1026B00041F2962C40F2FB4E4881A2F11001C2F289
:1026C000000C0022C2F2000E8CF80010ACF80120C1
:1026D0008CF8271007E000BF00200EF8020001323E
:1026E000042A00F00D8493B2002B0846F5D0022B8B
:1026F000F2D0012BF0D00846022A98BF1CF8020045
:10270000EBE7B1F8030040F61861C2F200014A8C11
:102710000882904040F27442C2F20002127841F204
:10272000962C40F2FB4E8860A2F11001C2F2000C20
:102730000022C2F2000E8CF80010ACF801208CF8D8
:10274000271006E000200EF802000132042A00F0F3
:10275000D78393B2002B0846F5D0022BF2D0012B81
:10276000F0D00846022A98BF1CF80200EBE740F6BA
:102770001860C2F20000B1F90310428C418291400E
:1027800040F27442C2F20002127841F2962C40F2FA
:10279000FB4EC160A2F11001C2F2000C0022C2F295
:1027A000000E8CF80010ACF801208CF8271006E021
:1027B00000200EF802000132042A00F0A18393B237
:1027C000002B0846F5D0022BF2D0012BF0D00846A2
:1027D000022A98BF1CF80200EBE740F27442C2F2F2
:1027E0000002B1F8030041F28C211278C2F200011C
:1027F00041F2962C40F2FB4E0880A2F11001C2F289
:10280000000C0022C2F2000E8CF80010ACF801207F
:102810008CF8271007E000BF00200EF802000132FC
:10282000042A00F06D8393B2002B0846F5D0022BEA
:10283000F2D0012BF0D00846022A98BF1CF8020003
:10284000EBE740F27442C2F20002B1F8030041F239
:102850008E211278C2F2000141F2962C40F2FB4E1A
:102860000880A2F11001C2F2000C0022C2F2000E98
:102870008CF80010ACF801208CF8271007E000BF9E
:1028800000200EF802000132042A00F0398393B2CE
:10289000002B0846F5D0022BF2D0012BF0D00846D1
:1028A000022A98BF1CF80200EBE740F27442C2F221
:1028B0000002B1F8030041F2EC211278C2F20001EB
:1028C00041F2962C40F2FB4E0880A2F11001C2F2B8
:1028D000000C0022C2F2000E8CF80010ACF80120AF
:1028E0008CF8271007E000BF00200EF8020001322C
:1028F000042A00F0058393B2002B0846F5D0022B82
:10290000F2D0012BF0D00846022A98BF1CF8020032
:10291000EBE740F27442C2F20002B1F8030041F268
:10292000EA211278C2F2000141F2962C40F2FB4EED
:102930000880A2F11001C2F2000C0022C2F2000EC7
:102940008CF80010ACF801208CF8271007E000BFCD
:1029500000200EF802000132042A00F0D18293B266
:10296000002B0846F5D0022BF2D0012BF0D0084600
:10297000022A98BF1CF80200EBE740F27442C2F250
:102980000002B1F8030040F258011278C2F20001CF
:1029900041F2962C40F2FB4E4886A2F11001C2F2A1
:1029A000000C0022C2F2000E8CF80010ACF80120DE
:1029B0008CF8271007E000BF00200EF8020001325B
:1029C000042A00F09D8293B2002B0846F5D0022B1A
:1029D000F2D0012BF0D00846022A98BF1CF8020062
:1029E000EBE740F27442C2F20002B1F8030040F299
:1029F00058011278C2F2000141F2962C40F2FB4ECF
:102A00008886A2F11001C2F2000C0022C2F2000E70
:102A10008CF80010ACF801208CF8271007E000BFFC
:102A200000200EF802000132042A00F0698293B2FD
:102A3000002B0846F5D0022BF2D0012BF0D008462F
:102A4000022A98BF1CF80200EBE740F27442C2F27F
:102A50000002B1F8030040F6B2511278C2F2000150
:102A600041F2962C40F2FB4EC880A2F11001C2F256
:102A7000000C0022C2F2000E8CF80010ACF801200D
:102A80008CF8271007E000BF00200EF8020001328A
:102A9000042A00F0358293B2002B0846F5D0022BB1
:102AA000F2D0012BF0D00846022A98BF1CF8020091
:102AB000EBE7B1F9030044F6F011C0F2020140F671
:102AC000B25291FBF0F1C2F200021081C817B2F9C4
:102AD000103001EB90708110002B4FF000005181FD
:102AE00000F08981948A091B09B291FBF3F183E11B
:102AF00040F27442C2F20002B1F8030040F6B25153
:102B00001278C2F2000141F2962C40F2FB4E88810D
:102B1000A2F11001C2F2000C0022C2F2000E8CF8E9
:102B20000010ACF801208CF8271006E000200EF809
:102B300002000132042A00F0E38193B2002B084620
:102B4000F5D0022BF2D0012BF0D00846022A98BF14
:102B50001CF80200EBE7B1F9030044F6F011C0F2F3
:102B6000020140F6B25291FBF0F1C2F20002508233
:102B7000C817B2F9103001EB90708110002B4FF0A4
:102B80000000918200F064815489611A09B291FBBE
:102B9000F3F15EE1B1F8032040F6B251C2F2000158
:102BA000002A4FF000000A8200F07E814B898C8A57
:102BB00012B21B1B1BB293FBF2F276E140F274429D
:102BC000C2F20002B1F8030041F292211278C2F27F
:102BD000000141F2962C40F2FB4E0880A2F1100158
:102BE000C2F2000C0022C2F2000E8CF80010ACF809
:102BF00001208CF8271006E000200EF802000132B8
:102C0000042A00F07D8193B2002B0846F5D0022BF8
:102C1000F2D0012BF0D00846022A98BF1CF802001F
:102C2000EBE740F27442C2F20002B1F8030040F256
:102C3000B4311278C2F2000141F2962C40F2FB4E00
:102C40000880A2F11001C2F2000C0022C2F2000EB4
:102C50008CF80010ACF801208CF8271007E000BFBA
:102C600000200EF802000132042A00F0498193B2DC
:102C7000002B0846F5D0022BF2D0012BF0D00846ED
:102C8000022A98BF1CF80200EBE740F27442C2F23D
:102C90000002B1F8030040F2B4311278C2F2000130
:102CA00041F2962C40F2FB4E4880A2F11001C2F294
:102CB000000C0022C2F2000E8CF80010ACF80120CB
:102CC0008CF8271007E000BF00200EF80200013248
:102CD000042A00F0158193B2002B0846F5D0022B90
:102CE000F2D0012BF0D00846022A98BF1CF802004F
:102CF000EBE740F27442C2F20002B1F8030040F286
:102D0000B4311278C2F2000141F2962C40F2FB4E2F
:102D10000884A2F11001C2F2000C0022C2F2000EDF
:102D20008CF80010ACF801208CF8271007E000BFE9
:102D300000200EF802000132042A00F0E18093B274
:102D4000002B0846F5D0022BF2D0012BF0D008461C
:102D5000022A98BF1CF80200EBE740F27442C2F26C
:102D60000002B1F8030040F2B4311278C2F200015F
:102D700041F2962C40F2FB4E4884A2F11001C2F2BF
:102D8000000C0022C2F2000E8CF80010ACF80120FA
:102D90008CF8271007E000BF00200EF80200013277
:102DA000042A00F0AD8093B2002B0846F5D0022B28
:102DB000F2D0012BF0D00846022A98BF1CF802007E
:102DC000EBE740F2C440C2F200000121017002B002
:102DD00010BD40F2B004C2F2000441F29620C2F2EB
:102DE0000000F02100220023A4F802C002B0BDE8D8
:102DF000104000F067B9002140F27443C2F20003B2
:102E00001B7841F2962C40F2FB4ED181A3F11002C7
:102E1000C2F2000CC2F2000E8CF80020ACF80100E7
:102E20008CF8272006E000BF00210EF800100130CA
:102E3000042865D083B2002B1146F6D0022BF3D0C4
:102E4000012BF1D01146022898BF1CF80010ECE7C6
:102E5000002140F27443C2F200031B7841F2962C29
:102E600040F2FB4ED181A3F11002C2F2000CC2F27B
:102E7000000E8CF80020ACF801008CF8272005E04B
:102E800000210EF800100130042839D083B2002B45
:102E90001146F6D0022BF3D0012BF1D011460228B7
:102EA00098BF1CF80010ECE7002240F27443C2F215
:102EB00000031B7841F2962C40F2FB4ECA81A3F12D
:102EC0001002C2F2000CC2F2000E8CF80020ACF826
:102ED00001008CF8272005E000210EF800100130D9
:102EE00004280DD083B2002B1146F6D0022BF3D06C
:102EF000012BF1D01146022898BF1CF80010ECE716
:102F000040F2C440C2F200000121017002B010BDC5
:102F100070470000B0B540F2DD40C2F2000000781A
:102F2000012808BF02F0E8F940F23A10C2F20000AE
:102F30000078FDF73FFF40F2BA44C2F20004608817
:102F400044F2F4214AF26852C2F67351CFF6FC7291
:102F500000FB021040F63C1141F2BE25000CC2F20B
:102F60000001C2F200050880A880B4F9000001F059
:102F7000E7FA40F63811C2F2000109684DF2022268
:102F8000C0F201025143C90B298041F28021C2F2F3
:102F90000001496800EE100A9FED2D1A5143B8EE6A
:102FA000C00AC90B20EE010A6980BDEEC00A40F2DA
:102FB0005801E88010EE100AC2F200018A8EC8861D
:102FC000498E024441F2E623084441F2E821C2F26C
:102FD0000003C2F200011A800880208840F24E21CE
:102FE000884240F2381140F2F840C2F20001C2F2C9
:102FF000000001D2022205E0228840F689339A427D
:1030000005D301220B8805881A402A430280628872
:1030100040F264539A4205D80988028801F00401FD
:1030200011430180008828B140F2FA40C2F200004A
:103030000721017040F2B64040F60001C2F20000E4
:10304000C4F202014FF40042BDE8B04003F064B99D
:10305000645A0C3F4EF68850CEF20000026843F6E8
:10306000000142F47002C4F2020102600A6842F0F8
:1030700001020A600A689207FCD58A6822F00302FE
:103080008A6000BF8A6812F00C0FFBD14FF08042BB
:103090008A600A684FF6FF73CFF6F2631A400A603F
:1030A00043F20202C0F203024A604FF47122C1F8F7
:1030B000A0204FF41F02CA604FF0006140F8801C4E
:1030C00070470000F0B540F27447C2F200073F7845
:1030D000DC0807EB010E8446DD0A01464FEAF303E4
:1030E0000CF8014F0A2B01F8025F80F800E00FD8BE
:1030F000DFE803F03D06090E200E0E0E0E0E29002D
:103100001278C27033E01378C370527802712EE0E7
:1031100049F22623C21C0026C0F600031F78092F9F
:1031200025D002F8017B1C2E06F1010603F10103F4
:10313000F4D31CE01378C370537803719378437110
:10314000D278827113E01378437153788371937846
:10315000C371D37803721379C37053790371937970
:103160004372D3798372137AC372527A0273E2B2D2
:1031700042EA052255FA84F353FA8EF352B1002540
:10318000002600BF4719FF780136F5B2AA4217FAA8
:1031900083F3F7D803EB1327034640F2FB4503F80C
:1031A000277F02F1030E04320024C2F2000504E07E
:1031B00036782E550134A2420ED0A7B2022F0E4609
:1031C000F6D0012F6646F3D0002F0646F0D01E46FB
:1031D000744538BF0619EBE740F2C440C2F2000064
:1031E00001210170F0BD000080B50020C4F2010093
:1031F0000169090644BFC1685FEA016100D480BD6E
:10320000802104F0EDFB40F23810C2F2000040F2E1
:10321000F8410088C2F200010A8800F0080010435B
:10322000088080BD10B50024C4F2010420460221AC
:1032300004F0DAFB002808BF10BD2046022104F08C
:10324000CFFB40F25800C2F2000040F2B04190F8CB
:103250003C00C2F20001097880F0010041F21842FE
:103260000843C4F202024FF4807008BF10321060AD
:1032700010BD000070B50C20C4F201004168C90700
:103280001CBF00685FEAC07000D170BD40F200440E
:10329000C4F2000404F57C452846012104F0A0FB9B
:1032A00042F20000C4F20100012100F0B5FC40F23E
:1032B000C016C2F2000696F83D0001280ED196F81D
:1032C0003C00012805D140F2C010C2F2000003F01A
:1032D000A3FDB28E2846062104F0F4FA40F2C04065
:1032E000C2F20000007801287AD140F2C340C2F255
:1032F0000000007841F2E4250128C2F200051ED149
:1033000040F2DF40C2F200000078012826D140F2EE
:10331000CA40C2F200000078012827D140F2B00074
:10332000C2F20000B0F90010B0F90400411A40F6F2
:10333000E850C2F2000003F0F9FD288031E040F2CD
:103340003C1040F6B25140F64C62C2F20000C2F2AC
:103350000001C2F2000200F02BFF22E040F6E8512B
:10336000C2F20001B5F900004A8C18E040F2B0004A
:1033700040F63E11C2F20000C2F20001B0F90200B4
:10338000B1F90010411A40F6E850C2F2000003F013
:10339000CDFD40F2B431C2F200014A8C2880904049
:1033A0004861288840F6486501B280EAE130A0EB28
:1033B000E13080B242F6E1614843C00BC2F2000541
:1033C000288003F009FEB5F9001040F25805C2F25A
:1033D0000005284601F0BEF8B5F9140069680864D4
:1033E00040F64C65C2F20005284601F0F3F840F2C1
:1033F000EE40C2F20000007801280CD0286829694C
:10340000814208D92046042104F0EAFA204604212A
:10341000012204F0DDFB40F2B844C2F2000420783F
:10342000411C41F2BE20C2F20000027C4BB293422A
:103430002170B8BF70BD40F2B001C2F2000109684E
:103440004FEA3141C16005F061F80020207070BD85
:1034500010B544F60004C4F201042046012104F032
:10346000C3FA002808BF10BD2046012104F0B8FAB5
:103470002046002104F09AFA41F29020C2F20000A6
:103480000178022904D0012909D10221017006E046
:1034900041F27420C2F2000001880131018040F243
:1034A000C340C2F20000007858B340F25800C2F2A4
:1034B000000002214187A4F59040202104F08CFAFD
:1034C00040F23C1040F64C62C2F20000C2F2000230
:1034D00081781369017003EB5300106049F2E0102A
:1034E00049F2E712C0F60000C0F60002405C525CF0
:1034F00040F2C541C2F2000148700220CA7001F0DA
:103500004FF940F2F640C2F200000021018040F283
:10351000C140C2F200000122027040F2C240C2F279
:103520000000017040F2EE40C2F20000017010BDD8
:1035300010B540F20044C4F200042046042104F017
:1035400053FA002808BF10BD2046042104F048FAB1
:1035500020460421002204F03BFB40F23C10C2F262
:10356000000040F2EE4201784378C2F200020124EA
:103570009942147018BF417040F23C1040F258015B
:1035800040F64C62C2F20000C2F20001C2F2000238
:10359000BDE8104000F0AABEB0B582B041F200050F
:1035A000C4F201052846102105F04EF8E8B346F2B2
:1035B000300428461021C4F2020405F02FF82046FA
:1035C000002101F077FD204601F07AFD41F2D8227A
:1035D000C2F20002157841F2D221C0F10C03C2F20E
:1035E0000001412D0B8009D15278C0F1090083B24E
:1035F0009342488004D104F005FF0EE00B2000E068
:103600000C208DF8070041F29620C2F200000DF167
:103610000702E0210823FFF755FD20460C2101F0A9
:1036200053FD2046012101F045FD02B0B0BD000070
:10363000FEE700000A78436802F0010223F4807379
:1036400043EA022242604A78836862F3410383605E
:103650008A78836802F0010223F4006343EAC222FD
:103660008260C978C26A013901F00F0122F4700248
:1036700042EA0151C16270474FF0807101607047AA
:10368000816841F008018160704700008068C0F3E4
:10369000C0007047816841F00401816070470000FC
:1036A0008068C0F38000704742F20431C4F2010127
:1036B00002780B6862F304030B6042780B6802F037
:1036C0000F0223F4702343EA02420A6082780B68F7
:1036D00002F0040223F0805343EA82620A60827897
:1036E0000B6802F0030223F4404343EA82320A608B
:1036F000C2780B6802F0010223F4005343EA42321D
:103700000A6002790B6802F00F0223F4706343EA47
:1037100002220A6040790A6800F0010022F40002E7
:1037200042EAC05008607047002181800160704704
:10373000826801F0010122F4807242EA0121816075
:1037400070470000826801F0010122F4007242EA31
:103750004121816070470000826861F3000282604D
:1037600070470000C94301607047000000680840CE
:1037700018BF01207047000032B1012A18BF7047FE
:103780004268114341607047426822EA010141608A
:103790007047000080B51A2900F2FF80DFE811F0C1
:1037A0001B0022002C00360040004A0054005E003E
:1037B000680072007C0083008D00FD009700A1006E
:1037C000AB00B500FD00BF00C900D000D900E20089
:1037D000EB00FD00F400D0F810C063F3020CC0F859
:1037E00010C0DAE0D0F810C003F0070E2CF0380358
:1037F00043EACE030361D0E0D0F810C003F0070E17
:103800002CF4E07343EA8E130361C6E0D0F810C0D5
:1038100003F0070E2CF4606343EA4E230361BCE01F
:10382000D0F810C003F0070E2CF4E04343EA0E3347
:103830000361B2E0D0F810C003F0070E2CF460333F
:1038400043EACE330361A8E0D0F810C003F0070EBE
:103850002CF4E01343EA8E4303619EE0D0F810C0DD
:1038600003F0070E2CF4600343EA4E53036194E027
:10387000D0F810C003F0070E2CF0E06343EA0E63AB
:1038800003618AE0D0F810C003F0070E2CF06053FB
:1038900043EACE63036180E0D0F80CC063F3020C0E
:1038A000C0F80CC079E0D0F80CC003F0070E2CF083
:1038B000380343EACE03C3606FE0D0F80CC003F0D6
:1038C000070E2CF4E07343EA8E13C36065E0D0F872
:1038D0000CC003F0070E2CF4E04343EA0E33C36040
:1038E0005BE0D0F80CC003F0070E2CF4603343EA21
:1038F000CE33C36051E0D0F80CC003F0070E2CF4B7
:10390000E01343EA8E43C36047E0D0F80CC003F0F5
:10391000070E2CF4600343EA4E53C3603DE0D0F839
:103920000CC003F0070E2CF0605343EACE63C36073
:1039300033E0D0F850C063F3020CC0F850C02CE064
:10394000D0F850C003F0070E2CF0380343EACE0342
:1039500022E0D0F850C003F0070E2CF4E07343EAE5
:103960008E1319E0D0F850C003F0070E2CF46063FA
:1039700043EA4E2310E0D0F850C003F0070E2CF4B9
:10398000E04343EA0E3307E0D0F850C003F0070EDF
:103990002CF4E01343EA8E430365013A0F2A88BFF3
:1039A00080BDDFE802F0080D12171C21262B3035F0
:1039B0003A3F44494E53426B61F30402426380BD77
:1039C000426B61F34912426380BD426B61F38E2208
:1039D000426380BD426B61F3D332426380BD426B70
:1039E00061F31852426380BD426B61F35D624263D2
:1039F00080BD026B61F30402026380BD026B61F360
:103A00004912026380BD026B61F38E22026380BDA6
:103A1000026B61F3D332026380BD026B61F3185213
:103A2000026380BD026B61F35D62026380BDC26AA6
:103A300061F30402C26280BDC26A61F34912C262CC
:103A400080BDC26A61F38E22C26280BDC26A61F328
:103A5000D332C26280BD00002DE9F0438BB042F248
:103A60000005C4F2010546F208080024284600219A
:103A7000C4F20208CDE90844FFF76EFE06AE3046F8
:103A8000FFF752FE4FF480693046ADF818908DF87C
:103A90001D40FFF709FE0820C0F244000121012764
:103AA00001F006F84FF44010012101F001F805265D
:103AB000C0F230063046012100F0FAFF3046012105
:103AC00000F0F6FF06F11100012100F0F1FF08AE51
:103AD000304601F051FE03208DF8260005F56040C8
:103AE0003146ADF82470089701F04EFE05F5744795
:103AF00038463146CDF8209001F046FE4FF4805014
:103B000008903846314601F03FFE404601F03AFB4E
:103B10006E46304601F0DAFA0320C0F20010CDF80C
:103B20000A0040F2BA40C2F20000019005F14C00D8
:103B3000009040F20110C0F20120CDF80E00404686
:103B40003146ADF8084001F0D5FA05AE3046FFF732
:103B500093FD0120C0F20030059028463146FFF762
:103B600069FD2846002101220023FFF713FE2846A5
:103B7000182102220023FFF70DFE28461A210322F6
:103B80000023FFF707FE28460021002200F02EF850
:103B900028460121FFF7CCFD28460121FFF7D2FD81
:103BA000A868C00713D128460121FFF7D5FD284694
:103BB000FFF766FD2846FFF769FD0028FAD1284681
:103BC000FFF768FD2846FFF76BFD0028FAD105F5E1
:103BD000A03008F1FC01052201F080FA40460121E5
:103BE00001F068FA0BB0BDE8F083000083680F298C
:103BF00023F0004388BF03F100438360836802F031
:103C0000030261F31B638360816821F0405141EA44
:103C10000271816070470000826801F0010122F0AA
:103C2000804242EA8171816070470000826B0139F5
:103C300001F0030122F4401242EA0151816370470E
:103C400080B51A2900F2FF80DFE811F01B00220086
:103C50002C00360040004A0054005E0068007200EC
:103C60007C0083008D00FD009700A100AB00B50033
:103C7000FD00BF00C900D000D900E200EB00FD004C
:103C8000F400D0F810C063F3020CC0F810C0DAE002
:103C9000D0F810C003F0070E2CF0380343EACE032F
:103CA0000361D0E0D0F810C003F0070E2CF4E073ED
:103CB00043EA8E130361C6E0D0F810C003F0070E8C
:103CC0002CF4606343EA4E230361BCE0D0F810C0DB
:103CD00003F0070E2CF4E04343EA0E330361B2E035
:103CE000D0F810C003F0070E2CF4603343EACE3353
:103CF0000361A8E0D0F810C003F0070E2CF4E01325
:103D000043EA8E4303619EE0D0F810C003F0070E33
:103D10002CF4600343EA4E53036194E0D0F810C0E2
:103D200003F0070E2CF0E06343EA0E6303618AE0C0
:103D3000D0F810C003F0070E2CF0605343EACE63B6
:103D4000036180E0D0F80CC063F3020CC0F80CC033
:103D500079E0D0F80CC003F0070E2CF0380343EAEA
:103D6000CE03C3606FE0D0F80CC003F0070E2CF454
:103D7000E07343EA8E13C36065E0D0F80CC003F033
:103D8000070E2CF4E04343EA0E33C3605BE0D0F847
:103D90000CC003F0070E2CF4603343EACE33C3604B
:103DA00051E0D0F80CC003F0070E2CF4E01343EA06
:103DB0008E43C36047E0D0F80CC003F0070E2CF42C
:103DC000600343EA4E53C3603DE0D0F80CC003F0FB
:103DD000070E2CF0605343EACE63C36033E0D0F8A3
:103DE00050C063F3020CC0F850C02CE0D0F850C0B3
:103DF00003F0070E2CF0380343EACE0322E0D0F89C
:103E000050C003F0070E2CF4E07343EA8E1319E060
:103E1000D0F850C003F0070E2CF4606343EA4E2341
:103E200010E0D0F850C003F0070E2CF4E04343EA52
:103E30000E3307E0D0F850C003F0070E2CF4E01367
:103E400043EA8E430365836BC3F30153D21A0332F3
:103E50004FF0FF3313FA82F2032A88BF80BDDFE8F8
:103E600002F002070C11826B61F30402826380BDD1
:103E7000826B61F34912826380BD826B61F38E2293
:103E8000826380BD826B61F3D332826380BD0000A8
:103E900070B586B042F20014C4F201040026204638
:103EA0000021CDE90466FFF757FC01AD2846FFF776
:103EB0003BFC4FF48060019028468DF80960FFF7C5
:103EC000F3FB0920C0F244000121012600F0F0FDBF
:103ED0000125C0F230052846012100F0E9FD4FF42C
:103EE0004010012100F0E4FD4FF44010012100F0EA
:103EF000DFFD4FF44010012100F0DAFD05F115005F
:103F0000012100F0D5FD04AD284601F035FC032069
:103F10008DF816000220049004F563402946ADF8A0
:103F2000146001F031FC102004F55F460490304627
:103F3000294601F029FC202004903046294601F052
:103F400023FC402004903046294601F01DFC8020CF
:103F500004903046294601F017FC03AD2846FFF7D0
:103F60008BFB4FF04070039020462946FFF762FB21
:103F70002046002100F086F820460321FFF756FE78
:103F80002046092101220023FFF75AFE204609217D
:103F900002220223FFF754FE2046092103220023B8
:103FA000FFF74EFE2046002100F054F82046002185
:103FB000012200F039F820464FF4800100F06CF83F
:103FC000204640F63861002200F076F8A068C0076D
:103FD00013D120460121FFF7BFFB2046FFF750FB1E
:103FE0002046FFF753FB0028FAD12046FFF752FB8B
:103FF0002046FFF755FB0028FAD106B070BD00003F
:10400000032905D8DFE801F00207090B3C3007E07F
:10401000002080B27047403002E0443000E0483079
:10402000006880B27047000083680F2923F4000302
:1040300088BF03F500038360836802F0030261F325
:1040400013438360816821F4401141EA0251816089
:1040500070470000426801F0010122F4805242EAF8
:104060000131416070470000826801F0010122F4D3
:10407000800242EA81518160816821F4800181607F
:1040800070470000426801F0030122F0407242EAEA
:104090000161416070470000426822F40002426002
:1040A000426822F480024260426822F40072426058
:1040B0004268114341607047D0F824C04FF6FF7347
:1040C0002CEA030319444162816A6FF30F01114422
:1040D0008162704780B540F6B250C2F2000002F033
:1040E0000FFB41F29420C2F20000B0F90010B1F5CC
:1040F000FA7F02DA0131018080BD0020C4F20100A4
:1041000000F0C0FF40F2FA40C2F20000032101704B
:1041100080BD0000F0B581B0044641F29020C2F2AB
:1041200000000121017041F27420C2F2000000255C
:10413000058040F2B040C2F20000057040F2F64047
:10414000C2F20000058040F64C6040F2A407C2F2C3
:1041500000000F2640F2B001C2F2000706600561C0
:10416000C2F200013868B7F906200D80CD80002129
:1041700003F0A8FB40F29802C2F200021068117925
:10418000B2F9062003F09EFB0A216068B4F91C20F6
:10419000B980062103F096FB208A618AA584084431
:1041A000A18DA082E18220836183668701B0F0BD8A
:1041B00070B540F2B003C2F200030C464988B3F870
:1041C0004630594341F2E423C2F200031980B4F9A6
:1041D0000010B4F9043099425BDD064692F90800FC
:1041E000154640F298323178C0EBC000C2F20002AE
:1041F00002EB400232F8111040F2204CCAB2B1700A
:1042000049F2EE11C0F6000101EB40001821C4F2A2
:10421000010110F812000A6848F68F73C2F2000C10
:104220001A403CF830300CEBC00C1A430A604A6864
:104230004FF68F7EBCF8043002EA0E021A434A6041
:1042400040F258438A68C2F200034FF2222C33F83E
:10425000200002EA0C0210438860A1F1180020211E
:1042600003F0BAFBB07895F908103070B4F9040087
:104270000122A2EB4101484342F6E06148436861F4
:1042800040F2C140C2F2000002700020208028618C
:1042900070BD481C208070BD10B51821C4F201010A
:1042A0000A6840F2204E48F68F73C2F2000E1A40A0
:1042B0003EF83030D1F808C01A430A600EEBC00E49
:1042C0004A684FF68F74BEF8043022401A4340F219
:1042D00058434A60C2F200034FF2222233F8200012
:1042E00002EA0C021043886010BD00002DE9F04185
:1042F00040F2DC43C2F200031B780C4640F2C2419C
:1043000041F27C281546C2F200010122C2F20008E7
:104310000A70C3B1242140F2E832C4F20101C2F2B2
:104320000002096813682E69CB1A42F6E06706FBA3
:10433000073341F27827C2F200073960116000218B
:10434000C8F80030296140F2C341C2F20001097887
:10435000C9B195F9081040F298330278C1EBC10158
:10436000C2F2000303EB410333F8122049F2EE13CB
:10437000C0F6000303EB4101D3B211F813108270B1
:104380000846FFF789FF40F64410C2F200000068BB
:10439000D8F8001001F096FF4DF6CF51C0F206019B
:1043A00042F2F852884240F298016861C8BF41F277
:1043B0008602C2F20001A0680A81002103F0FCFA23
:1043C000686943F69821A268401A010CB0F5616F44
:1043D000D8BF4FF46160D368B8BF002123F0010358
:1043E000D3604FF6FE72104040EA014009B2400827
:1043F0004A1CB0FBF2F0A26880B2D062A068816271
:10440000A068416941F001014161A068016921F0A2
:1044100001010161A068C16841F00101C160A068AB
:104420000121BDE8F04103F0C1BA0000F0B581B050
:1044300005460068012103F0D3FA6868102103F0F3
:10444000CFFA2868002103F0B1FA6868002103F070
:10445000ADFA2868002103F0AFFA6868002103F084
:10446000ABFA40F2A400C2F200000068002103F0A1
:10447000A3FA40F29800C2F200000068002103F0A5
:104480009BFA42F20014C4F2010420460021FFF717
:1044900063F9204604210426FFF764F968680021C7
:1044A00003F0A6F968684FF48051012203F086FA00
:1044B00046F20805C4F202052846002100F0FAFD84
:1044C00005F13C00002100F0F5FD05F150073846EC
:1044D000022100F0F9FD20460321FFF7A7FB20464B
:1044E000092101220023FFF7ABFB2046092102220C
:1044F0000323FFF7A5FB20460021FFF7ABFD40F2A9
:104500002850C2F2000000780322022808BF0926C2
:10451000012808BF0426204631460123FFF790FBFF
:104520002846012100F0C6FD3846012100F0C2FDF9
:104530002046012101B0BDE8F040FFF70DB90000B1
:1045400040F25801C2F20001B1F92610484340F38D
:104550008F30704780B5B0F9102040F2B04CC2F2F5
:10456000000C8A42B8BF4A08B0F812E09CF800304C
:10457000724482824BB1B0F92E208A4211DD818DC6
:104580000022C18290F83D101BE0B0F930208A4231
:1045900011DD90F83D10828D0129C28219D10022CF
:1045A00013E0028F90F83D30891A012BC18218BFA9
:1045B00080BD012209E0028F891AC18290F83D1066
:1045C000012201298CF8002003D1806A102103F018
:1045D000FFFA80BDD0E9032101319142016198BF0A
:1045E0007047B1F5BB7F0ED842F6E060484341F218
:1045F0007C21C2F20001086040F2C140C2F200001A
:1046000001210170704740F27711C0E903110021C8
:10461000416040F63810C2F20000016040F64410DC
:10462000C2F2000040F2F0320068C2F20002C2E9B9
:10463000041102F05DBD000070B584B000264FF497
:1046400040100121CDE9006600F032FA4FF440102D
:10465000012100F02DFA4FF44010012100F028FA5A
:104660004FF44010012100F023FA0020C0F20310A3
:10467000002401901020C4F202046D4600902046F0
:10468000294601F081F8202000902046294601F0BB
:104690007BF8402000902046294601F075F88020E4
:1046A00000902046294601F06FF802AC204600F049
:1046B00031F80420C0F20030CDF809000220214674
:1046C0008DF8086000F06CF802203F213F220123A2
:1046D00000F038F80220012100F020F8022010211B
:1046E00000F002F804B070BD43F6300201F07F0123
:1046F000C4F2010201284FEAC14005D1116821F03E
:104700007E71084310607047116921F07E71084383
:1047100010617047002101710160704743F630025B
:10472000C4F20102012801F0010005D1116821F055
:104730000101084410607047116921F0010108442B
:104740001061704780B543F6340C0128C4F2010CA7
:104750000DD1DCF80000002B63460CBF20F00100F7
:1047600040F0010043F8080B0CF1040E0DE0DCF8FA
:104770001000002B0CF1140E0CF118030CBF20F0EC
:10478000010040F00100CCF81000186862F3050049
:104790001860DEF8000061F30500CEF8000080BD6F
:1047A0000B7843F6300203F00303C4F20102012840
:1047B0004FEA032021D1136823F44073184310609B
:1047C0004878136860F3061313608878136860F301
:1047D00083031360C878136800F0010023F40043DA
:1047E00043EAC03010600879116800F0030021F43A
:1047F000403141EA004010607047136923F4407370
:10480000184310614878136960F3061313618878C0
:10481000136960F383031361C878136900F0010022
:1048200023F4004343EAC03010610879116900F0B5
:10483000030021F4403141EA00401061704700005C
:1048400080B5D0E9001CB0F90820A1EB0C0393421D
:104850000CDAB0F90AE0CEF10002934204DAACEBD4
:104860000E028A42C8BF1146416080BD62448A423E
:10487000B8BF1146416080BD43F6A401C4F20201F5
:104880000A6800F00F0042F030020A6051F89C2CD8
:1048900022F0F00242EA001041F89C0C086820F077
:1048A000300008607047000043F60801C4F20201BE
:1048B0000A6800F0070022F4E05242EA8020086013
:1048C0007047000043F60801C4F202010A6800F0D4
:1048D000070022F4604242EA40300860704700005E
:1048E00043F6A401C4F202010A6800F0070022F4B2
:1048F000E04242EA003008607047000043F6A4013D
:10490000C4F202010A68012822F0300208BF3032E6
:104910000A607047042888BF7047DFE800F0030C86
:1049200019262F0043F60000C4F20200026861F36A
:1049300000020260704743F60000C4F20200026801
:1049400001F0010122F4803242EA01410160704726
:1049500043F60000C4F20200026801F0010122F0F7
:10496000807242EA01610160704743F60000C4F2C0
:104970000200026F61F300020267704743F6000015
:10498000C4F20200426F61F3000242677047000008
:10499000B0B543F60405C4F2020569680446C1F3E4
:1049A000810141F200200229C0F27A0013D00129CE
:1049B0002CD0A9BBD5F89C10490446F60041C0F2A2
:1049C000DC2158BF01462160D5F8A000C0F30240A9
:1049D00021FA00F024E029682A68490243F20061C4
:1049E000D5F800C02B68C0F26E11C2F3881258BF10
:1049F0000146A1FB0201C3F3024217A39A5C0CF02B
:104A00000F035A430023FBF7F5FB09E043F2006074
:104A1000C0F26E102060D5F8A010C1F3C241C840AA
:104A2000206068680EA1C0F30310085C216849F299
:104A3000D81221FA00F060606968C0F60002C1F384
:104A40008221515C20FA01F1E1606968C1F34231D1
:104A5000515CC840A060B0BD0102040810200000F5
:104A6000000000000000000001020304060708091E
:104A700043F60002010CC4F20202895800F01F0044
:104A800021FA00F000F001007047000043F6000139
:104A90000020C4F2020100BF0A68920304D4B0F5FA
:104AA000405F00F10100F7D30868C0F34040704751
:104AB00043F6000200F01F034FF0010CC4F20202A3
:104AC00001290CFA03F14FEA1040835814BF23EA7E
:104AD000010119438150704710B543F6040CC4F22C
:104AE000020CDCF800E000F001042EF4800040EA43
:104AF0008450CCF80000DCF8000061F38E10CCF894
:104B00000000DCF8000003F0070162F30300CCF8BA
:104B10000000DCF8000020F4E02040EA0140CCF87E
:104B2000000010BD43F60000C4F20200D0F8A4104B
:104B300041F03001C0F8A410016841F001010160AA
:104B400001688907FCD5816821F00301816000BFFD
:104B5000816811F00C0FFBD101684FF6FF72CFF6A0
:104B6000F262114001604FF08041816043F2020126
:104B7000C0F2030141604FF47121C0F8A0104FF45E
:104B80001F01C160D0F8A41021F03001C0F8A410BA
:104B90007047000043F6A401C4F202010A6842F023
:104BA00030020A6051F89C2C60F3010241F89C2C01
:104BB000086820F0300008607047000043F60800E5
:104BC000C4F202000068C0F38100704700000000DA
:104BD0002DE9F0472DED028B0446808B9FED6E1A78
:104BE00000EE100AB8EE400A80EE010A10EE100A3C
:104BF000FBF751FD94ED040B02460B4651EC100BF4
:104C0000FBF702FCFBF75AFD0546D4E90001A5615C
:104C100091ED000AB0EE081A90ED002A20EE011A7C
:104C200081EE021A9FED5D2AE08B82EE011A02EE00
:104C3000100AB8EE422AB4EE421AF1EE10FAC2BFE0
:104C4000BDEEC11A11EE100AE083E18B208C814287
:104C500088BFE083E08B01EE100AB8EE411A20EE27
:104C6000010A10EE100AFBF716FD94ED020B024646
:104C70000B4651EC100BFBF7C7FB064628460F46C8
:104C8000FBF709FD02460B4630463946FBF72EFC82
:104C900041EC100B84ED0A0B04F042F804F0C0F86C
:104CA00053EC102B9FED3A0B58EC109B48464146B5
:104CB000FBF7A4FBFBF7D0FC0F260F2828BF3046DC
:104CC0004FF0010AA08794ED0A8B0AFA00F0FBF777
:104CD000B2FC02460B4651EC180BFBF795FBFBF7B9
:104CE000BBFC2087E08B216800EE100A91ED001AD2
:104CF000B8EE400A21EE000A10EE100AFBF7CBFCDA
:104D000094ED020B02460B4651EC100BFBF77CFBBB
:104D10000746A0690D46FBF7BEFC02460B46384627
:104D20002946FBF7E3FB0546606A0F46FBF783FC69
:104D300002460B4628463946FBF7D8FB41EC100BE0
:104D400084ED0C0B03F0ECFF04F06AF853EC102B2D
:104D500048464146FBF752FBFBF77EFC0F2838BF65
:104D6000064694ED0C8B0AFA06F0E687FBF763FC27
:104D700002460B4651EC180BFBF746FBFBF76CFCAD
:104D80006087BDEC028BBDE8F08700BF00BF00BFAD
:104D90000000000000002A4000F07F454CBE8C401F
:104DA0002DE9F04381B040F2E046C2F200063278CD
:104DB0000D46102A044642D840F2E44840F2E64943
:104DC00040F2E247C2F20008C2F20009C2F2000754
:104DD00003E000BF3078102831D8206B04E000BF1A
:104DE0003078411C206B31700421FEF7BFFC002895
:104DF000F0D0206B0421FEF7B5FC30780028EFD00E
:104E000035B1206B0021FFF7FBF839880844388062
:104E1000022D08D3206B0121FFF7F2F8B8F800103B
:104E20000844A8F80000032DDAD3206B0221FFF715
:104E3000E7F8B9F800100844A9F80000D0E7032DFE
:104E400009D0012D1CD140F2E240C2F200000088DE
:104E50000009A08514E040F2E240C2F2000040F2F6
:104E6000E4410088C2F2000109880009E0840809D1
:104E700040F2E641C2F200010988208508096085F8
:104E8000012001B0BDE8F0832DE9F04383B0002597
:104E9000C4F2020580460020A5F58034CDE900006B
:104EA0002046002103F054F82046002102F07EFD48
:104EB0006E46304600F060FC01208DF806004FF48D
:104EC000807428463146009400F05EFC2846082194
:104ED000012200F093FC4FF4007928463146CDF8CA
:104EE000009000F051FC28460921012200F086FCC8
:104EF0004FF4806000902846314600F045FC28467B
:104F00000A21012200F07AFC4FF4005005F50067F9
:104F100000903846314600F037FC38460D210A2211
:104F200000F06CFC009405F580642046314600F0EA
:104F30002BFC20460821012200F060FC204631466F
:104F4000CDF8009000F020FC20460921012200F05D
:104F500055FC28464FF48071002200F007FC2846DB
:104F60004FF40071002200F001FC28464FF48061EC
:104F7000002200F0FBFB38464FF40051012200F004
:104F8000F5FB20464FF48071012200F0EFFB204634
:104F90004FF40071012200F0E9FB4046062140F683
:104FA000B83202F08FFC4046012102F0D1FF4046AA
:104FB000012102F0FBFC03B0BDE8F08310B54021F5
:104FC000C4F2010109680446D52908D3206B0021E9
:104FD000FFF716F8A18D401AC000E08006E0B4F992
:104FE0000600B4F908104843C00BE080608FB4F9A4
:104FF000061094F83E204843C2F10F01B4F8462051
:1050000008415043208010BD47F20841C4F200011E
:105010000A6860F305020A607047000047F2004228
:105020000228C4F2000207D0012818BF7047106898
:1050300061F3000010607047106801F0010120F476
:10504000803040EA014010607047000047F20042A3
:105050000228C4F200020BD0012818BF7047106864
:1050600001F0010120F0020040EA410010607047A9
:10507000106801F0010120F4003040EA4140106066
:1050800070470000B0B500210446002502F060FF23
:10509000A06947F270018843A061E069202120F0F7
:1050A0007000E061204602F097FCC4E90D55E5630D
:1050B0002564B0BD026861F3000202607047000021
:1050C000406880B270470000416070470021018253
:1050D000C0E90011C0E9021170470000D0F80031AA
:1050E00043F00103C0F80031086862F3060008606D
:1050F0007047000002684BF6EF731A4002600A899D
:1051000003681A4302604A7C036802F0030223F436
:10511000405343EA02320260CA7B036802F0030292
:1051200023F4406343EA822202608A7B036802F030
:10513000030223F4407343EA022202604A7B0368BD
:1051400002F0010223F0800343EAC21202600A7BEC
:10515000036862F3861303600A7C036862F34513F5
:1051600003604A89436842600A6882604968C16096
:1051700070470000002A02680CBF22EA01011143B7
:1051800001607047016800F0FC024CF6CD43083A1C
:10519000CCF6CC43A2FB032321F0010101600021E6
:1051A00046F20402016041608160C1606FF003005B
:1051B000C4F2020200EA93000F21136801FA00F022
:1051C00018431060704700002DE9F04385B046F2A7
:1051D0001C04C4F202042046FFF7D4FF6D462846A3
:1051E000FFF774FF40F22E20C0F20010CDF80A0045
:1051F0001020ADF8080040F65410C2F2000041F251
:1052000004080190C4F201084FF000092046294625
:10521000CDF80080CDF80E90FFF76CFFA4F11C06CE
:1052200004F1EC0130461922FFF758FF2046022115
:105230000022FFF79FFF04F114073846FFF7A2FF93
:105240002846FFF743FF0C20C0F20010CDF80A00FB
:1052500041F2D820C2F20000CDE90080384629464C
:10526000ADF80890CDF80E90FFF744FF04F1F0017F
:1052700030461822FFF732FF384602210022FFF79E
:1052800079FF05B0BDE8F083D0F8002161F300029A
:10529000C0F80021704700000A78036862F3040335
:1052A00003604A78036802F0030223F4C02343EA50
:1052B00042420260D1F804C04FF47802036802EB66
:1052C000CC42D20C62F3D7430360097A026801F042
:1052D000010122F4803242EA01410160704700007E
:1052E000002101724160018070470000026861F393
:1052F000060202607047000040F2BA40C2F20000AD
:1053000040F2DC418088C2F2000109787C3805292E
:1053100000B210D0042918BF70477C281FDB49F267
:105320008A01C0F20201484340F2B001C00BC2F250
:10533000000148800CE07C2818DB4EF2DA4148433B
:10534000C82101EBE03041F28021C2F20001086087
:1053500041F29120C2F2000001210170704740F239
:10536000B000C2F20000002141800EE00D2806DBF3
:1053700041F28020C2F20000C8210160704741F272
:105380008020C2F200000021016041F29120C2F2AF
:10539000000001707047000043F61040C4F20200A4
:1053A000016841F0800101607047000043F60C4144
:1053B000C4F202014A6842F002024A60886048680A
:1053C00040F0400048600868C0070AD108684007FC
:1053D0000AD40868C0064FF0020058BF032008BB7B
:1053E00004E00020F0B901E00120D8B94FF080427C
:1053F0000868C0070AD10868400709D40868C006D1
:105400004FF0020058BF032003E000BF002000E07F
:105410000120A2F1010310B9012A1A46E8D1002B9C
:1054200008BF04204A6822F002024A607047000068
:1054300043F6044040F22311C4F20200C4F2675163
:10544000016048F6AB11CCF6EF51016070470000E7
:1054500043F60C42C4F20202536843F00103536066
:1054600001601068C0070AD1106840070AD41068AC
:10547000C0064FF0020058BF032008BB04E0002024
:10548000F0B901E00120D8B94FF480111068C007CD
:105490000AD11068400709D41068C0064FF0020016
:1054A00058BF032003E000BF002000E00120A1F16D
:1054B000010310B901291946E8D1002B08BF0420C7
:1054C000516821F001015160704700002DE9F04F53
:1054D00083B0934688460446FFF7AAFFC4F38707C4
:1054E000A44604F17840C7F580715C46594538BF41
:1054F0000C4640F2FF31830A884340F22C5600F1FB
:105500000065C2F2000620040DD000BF002000BFDD
:1055100017FA80F156F8211001311FD1013081B204
:10552000A2B29142F4D31FFA84FABAF1000F37D035
:10553000CDE90183A8F10409D0466746CDF800C043
:1055400059F8041F3846FFF783FFB8F1010807F147
:105550000407F5D1DDE900C821E000BF4FF000608D
:1055600000EB8320E1460293FFF720FF1FFA84FA45
:1055700006EB87000438A8F10401524651F8043FB5
:10558000013A40F8043FF9D1002700BFF159E8196A
:10559000FFF75EFF0437B7F5806FF7D1CC46029B6B
:1055A000A0B21FFA8BF1814213D0ABEB040B1FFAB0
:1055B0008BF4013308EB8A080CEB8A0CB4F5807F7E
:1055C00028BF4FF4807405F58065002720049DD125
:1055D000A9E703B0BDE8F04FFFF7DEBE4FF600408D
:1055E000C0F60100007B7047F0B583B0082046F29A
:1055F000080442F20005C0F244000121C4F2020492
:10560000C4F201050127FFF753FA28460021FEF7EF
:10561000A3F820460021FFF74DFD20460321FFF7A8
:1056200053FD01AE3046FEF77FF84FF48060ADF8D1
:10563000040030468DF80970FEF736F8284602213E
:10564000FEF7F4FA2846112101220723FEF7F8FAA3
:105650002846112102220723FEF7F2FA28460021EC
:105660000022FEF7E1FC28460021FEF7F3FCA868C3
:10567000C0071AD128460121FEF76EF828464021BE
:10568000FEF774F80028F9D02846FDF7F9FF00BFAF
:105690002846FDF7FBFF0028FAD12846FDF7FAFF60
:1056A0002846FDF7FDFF0028FAD128460421FEF721
:1056B00059F828460121FEF7D7FC00BF28460421EF
:1056C000FEF754F80028F9D028460121FEF798FC8F
:1056D000064628460421FEF745F828460121FEF734
:1056E000C3FC00BF28460421FEF740F80028F9D08B
:1056F00028460121FEF784FC074628460421FEF7D0
:1057000031F828460021FEF727F8A868C0071AD10B
:1057100028460121FEF720F828464021FEF726F80A
:105720000028F9D02846FDF7ABFF00BF2846FDF75B
:10573000ADFF0028FAD12846FDF7ACFF2846FDF75B
:10574000AFFF0028FAD120460121BD19FFF7B2FCB6
:1057500000216808C0F27111B1FBF0F040F258016D
:10576000C2F20001C88403B0F0BD00001823002A73
:1057700008BF2823C15070474FF6FF714FF0807269
:10578000C0E9001270470000F0B50A88002A08BF7F
:10579000F0BD00234FF0030C4FF0010E002405E094
:1057A000520804F1010403F1020326D0D507F7D013
:1057B00005680CFA03F6B54305608D7907689D40CE
:1057C0003D43056045680EFA04F7BD4345600D7919
:1057D0004768A5403D4345608568B5438560CD7900
:1057E00087689D403D438560C568B543C5604D7978
:1057F000C6689D403543C560D2E7F0BD80B51C2327
:1058000003EA810302FA03FE24224FF00F0C082959
:1058100038BF202281580CFA03F3994341EA0E0164
:10582000815080BDF0B584B04AF6AB2C40F62C1008
:1058300000216FF00102CAF6AA2CC2F20000EE4667
:10584000ADF80C100291CDE9001100BFA1FB0C34A2
:1058500024F00303C3EB940300EB830313445B883E
:105860000EEB020402320C2A01F101016380EDD13A
:1058700040F298306FF00101C2F200000EEB01021D
:105880009388D7885288023100EB4306082920F814
:105890001370F281F2D1BDF80010BDF8022000EBC8
:1058A000410320F8112040F27410C2F2000090F978
:1058B000030049F20A21C0EBC000C0F6000101EB71
:1058C0004001BDF80A204888DA813EF8100040F215
:1058D0002042C2F200024FF4C04402EBC00342F87F
:1058E00030404FF0500C8C88C3F804C040F258434D
:1058F000C2F200034FF48A653EF8144043F820508A
:1059000046F2500502EBC40042F8345000254560D1
:10591000C88854263EF8100043F8246002EBC00407
:10592000602666600C8940F204573EF8144042F845
:1059300030C043F8207002EBC400466048894FF441
:10594000A0473EF81000898942F834704FF4A867E8
:1059500043F8247002EBC0043EF8111045F26007D2
:105960006560452442F8307043F8204002EBC100E6
:10597000C0F804C040F2054042F8316043F821000D
:1059800004B0F0BDF0B583B00224C0F2300420466C
:105990000121FFF78DF820460121FFF789F801ACBE
:1059A0002046FFF7E9FE0020C0F2011040F6000596
:1059B00002904FF40050C4F202050190284621469F
:1059C000FFF7E2FE4FF48046284621460196FFF796
:1059D000DBFE4FF40047284621460197FFF7D4FE2F
:1059E000AE61AF6103B0F0BD816170478162704705
:1059F00042695140416170472DE9F0470446B0F9D2
:105A00000400FAF718FE054620680E46FAF713FE62
:105A100002460B4628463146FAF768FD9FED140B07
:105A2000814653EC102B8A46FAF747FC9FED120B88
:105A30000746884656EC105B284631463A464346B0
:105A4000FAF754FDFAF708FEE080484651462A4628
:105A50003346FAF7D9FC3A464346FAF747FDFAF7D8
:105A6000FBFD20810020A061BDE8F08700BF00BFE2
:105A7000000000000000F03F00000000C0FFDF4019
:105A8000B0B50246B0F90600D2F810E0C417AEFB7C
:105A9000003C55690EFB04C4B2F908C005FB004088
:105AA0009569CCFB0130591940EBE570CD0BC31360
:105AB00045EA40406FF3DF31C2E904039161B0BDB4
:105AC00001F022FC01F00EFB01F0DAFC00F0C2FD57
:105AD00000F08EF8FFF756FF01F060FA00F03EFC90
:105AE000FFF77CFD40F22851C2F20001087000F07F
:105AF000ADF840F6E651C2F20001087000F0A2FCD9
:105B0000FEF79AFD02F0B6FB02F040FAFEF7C0F98C
:105B1000FDF7A2FF642000F087F840F2F840C2F2DF
:105B2000000000210180FFF75FFD01F007FF01F099
:105B300041FD01F0CFFC0024C4F201042046012104
:105B40004FF0010901F032FF40F27840C2F200004C
:105B500002F0D6FBFFF738FB02F02CFCFBF7DCFA77
:105B600002F014FA2046012101F020FF40F2CC405F
:105B7000C2F20000FEF70CFF01F0A6F940F2C147A7
:105B800040F64C6547F2804A40F2F03B40F638164A
:105B900040F2FA4440F23A18C2F20007C2F200059D
:105BA000C1F6D22AC2F2000BC2F20006C2F2000411
:105BB000C2F20008387801280ED1686995F90810FA
:105BC000BAFBF0F0A9EB4101414358466960FFF789
:105BD00057FF306000203870207898F80010884215
:105BE000E8D0FAF765FF207888F80000E2E70000C7
:105BF00040F21C40C2F2000000684DF68361C4F21E
:105C00001B31A0FB0101880C40F22451C2F20001BB
:105C1000086008684FF47A71484340F22051C2F29C
:105C200000010860704700004EF21001CEF2000142
:105C30008A680B6830B100BF0B68DB03FCD5013804
:105C40000304F9D188689042FCD87047F0B54FF64C
:105C5000D070CEF20F00017801F00F01092906D1B2
:105C6000017D007E090960F306113B292ED04FF219
:105C7000F370C1F6FF7000780238232800F220810B
:105C8000DFE810F024001E01240024001E0124007F
:105C9000240024001E011E011E01240024002400F3
:105CA00024001E01240024002400240024002400D9
:105CB0002400240024001E011E01240024002400CE
:105CC0002400240024002400240024004FF6004077
:105CD000C0F6010040F2EA4CD0E90423C2F2000C05
:105CE000ACF8002040F2EC42C2F20002816913805D
:105CF00040F2E842B0F93C31C2F20002118000EEFD
:105D0000103A40F21001B8EEC00AC2F20001D0F819
:105D100020E081ED060A40F2DC41C2F2000181F888
:105D200000E0416A40F2DD42C2F200021170D0E9A7
:105D30000BCE40F61862C2F20002D0E90D31A2F893
:105D400000C0A2F802E0D0E924EC138451840EFADA
:105D500001F30CFA01F100F14004C2E90231A2F8AA
:105D600010E0A2F812C01ECC40F6E855C2F20005C1
:105D7000298047F6FF716A802B8401FA04F2002320
:105D800000F5FA766C84C5E90223296174CE40F2ED
:105D9000B437C2F200073A8001FA06F2C7E90223DB
:105DA0003961D0F8881041F28022C2F200021181DC
:105DB00040F64811C2F20001D0F88C30A1F800E0A2
:105DC00040F64A11C2F200015381A1F800C0D0F898
:105DD000981041F28C22C2F200021180D0F8C81152
:105DE00041F29222C2F200021180D0F89C1041F2DE
:105DF0008E22C2F200021180D0F8B41140F6B252E5
:105E0000C2F20002D180D0E96E137C8011819381AF
:105E1000D0E970313D8411825382D0F8A01041F254
:105E2000EC22C2F200021180D0F8A41041F2EA2262
:105E3000C2F200021180D0E9561240F25803C2F2B9
:105E40000003598640F2E431C2F2000109889A86C3
:105E5000323999835984D0F8E81140F27412C2F2B1
:105E60000002D170D0F8CC1140F62C12D0F8D0310D
:105E70007E84C2F2000200F5EA77118053808ACF57
:105E8000D0F8E0619180D0F8EC0140F2C011C2F28C
:105E9000000181F83D004FF62070C0F6010090ED42
:105EA000000A90ED011A0120D3801781568181EDFF
:105EB000050A81ED061A81ED070A81ED081AF0BD89
:105EC000FEE70000B0B540F6E854C2F200042046F8
:105ED00001F0C6F840F2B435C2F20005284601F0E0
:105EE000E1F840F2A840C2F20000B0F90000B4F9B5
:105EF0000010B4F902204143090B218002FB00F19C
:105F0000090B6180B5F90010B5F902204143090B76
:105F100029805043698C48F20102000BCFF6FF72D2
:105F20006880002002FA01F140F2000C05F108033C
:105F3000C8F2010C83E8031040F61861C2F20001B8
:105F40004D8C4BF27003CFF6FF73AB400025C1E9D7
:105F50000203638CCBF270050D6102FA03F104F1C8
:105F6000080282E8031040F64C60C2F200000121F2
:105F7000017240F2B000C2F200004FF0FF31C0F8F1
:105F80004610B0BDB0B540F6E854C2F20004204659
:105F900001F066F840F2B435C2F20005284601F07F
:105FA00081F840F2A840C2F20000B0F90000B4F954
:105FB0000010B4F902204143090B218002FB00F1DB
:105FC000090B6180B5F90010B5F902204143504337
:105FD000000B090B6880688C298047F6FF7101FA75
:105FE00000F00022C5E9020240F61860C2F200008B
:105FF000438C296144F6907505FA03F3C0E9023237
:10600000638C056101FA03F0C4E9020240F64C60BA
:10601000C2F20000027240F2B0002161C2F2000040
:106020004FF00111C0F84610B0BD00002DE9F0415D
:1060300082B00024C4F20104204600214FF0000881
:1060400001F0B4FC20464FF48051002201F0B6FC70
:1060500046F24400C4F202000021FFF72BF820466C
:10606000002101F07FFF2046002101F0BFFD204606
:106070000121012602F0DCF8204640F6B83100226A
:1060800001F020FA2046022101F04EFC20460221B8
:1060900001F040FC2046002101F0A4FB2046002135
:1060A000002201F0ADFD20460221002201F0A8FDF2
:1060B00020460421002201F0A3FD204606210022F3
:1060C000062701F09DFD20460021002201F0FAFB89
:1060D00020460221002201F0F5FB20460421002287
:1060E00001F0F0FB2046062140F6B73201F0EAFB52
:1060F0006D46284601F026FF4FF48070ADF804008D
:10610000204600212A4600978DF8066001F0B8FD70
:10611000204602212A4601F0B3FD204604212A46EA
:1061200001F0AEFD072004F504568DF8000030465E
:106130000221FDF77BFD3046092101220123FDF7F5
:106140007FFD3046092102220123FDF779FD30460B
:106150000021FDF77FFF204606212A468DF80680A4
:1061600001F08EFD2046002101F026FC204604218E
:10617000002201F047FB20460521002201F042FBEE
:106180002046012101F012FC2046012101F0E0FE31
:1061900002B0BDE8F0810000B0B540F2C010C2F21C
:1061A000000090F83D10042922D002290AD00129CC
:1061B00018BFB0BD40F2C010C2F20000BDE8B04050
:1061C00000F072BB90ED060AB5EE400AF1EE10FA4F
:1061D00033DD90ED051AB5EE401AF1EE10FA2CDD24
:1061E000032180F83D1080ED071A80ED080A39E0A0
:1061F0000024C4F2010420460021002501F0A8FE7D
:106200002046002101F0D2FB01F0C0FEFDF740FE68
:10621000204601216562656201F0C8FB40F238103A
:10622000C2F2000040F2F8410088C2F200010A8880
:1062300000F0400010430880B0BD042180F83D10FC
:1062400040F23811C2F2000140F2F8420988C2F26D
:106250000002138801F0400119431180D0E90712B0
:10626000C0E905120024C4F20104204600210025E3
:1062700001F06EFE2046002101F098FB01F086FE41
:10628000FDF706FE204601216562656201F08EFB86
:1062900040F2FA40C2F2000005210170B0BD0000DA
:1062A000B0B50446102002F041FF05462046042107
:1062B000F9F7F5FF014600206880A86028462C8089
:1062C000E960B0BD80B543880288934224BF4FF493
:1062D0008033C0F802308388D0F808C05BB1D0F8B2
:1062E0000CE043885EF82330ACEB03030B4493FBD4
:1062F000F2FC836006E042880CEB0103013293FB61
:10630000F2FC83604388D0F80CE05A1C428060465F
:106310004EF8231080BD000040F23A13C2F2000391
:106320001B78072B03D108461146FFF75DBB012BF5
:1063300003D808461146FFF759BB84460088B0F5DC
:10634000FA7F3EBF0130ACF80000704700230846DA
:106350001146ACF80030FFF74BBB000080B50320BE
:1063600000F060F818200021002200F021F81A2027
:106370000121002200F01CF81D200221002200F063
:1063800017F819200321002200F012F8122004212E
:10639000002200F00DF84FF0FF300721002200F03E
:1063A00007F8252008210022BDE88040AFF30080D7
:1063B000B0B54EF60C5ECEF2000EDEF800304FF0B7
:1063C000FF35C3F3022383F00704042C28BF042401
:1063D000033B05FA04F438BF0023A143994005FAB2
:1063E00003F39A4300F00F03043B4EF2001C734486
:1063F000CEF2000C11430C33B0F1FF3F4FEA011114
:1064000000EB0C02C8BF02F540730028197048BFAA
:10641000B0BD00F01F01012202FA01F140094CF861
:106420002010B0BD4EF60C51CEF200010A684FF6B6
:10643000FF031A4060F30A2242F0806040F0FD70D2
:1064400008607047B0B584B00020CDE9020001209B
:10645000C0F2300001210125FEF72AFB0220029044
:106460000020C0F20310039040F20040C4F202008A
:1064700002A9FFF789F91D20C0F240000121FEF7B3
:1064800017FB3920FEF7C0FD01200021FEF7DEFDDD
:1064900001200121FEF7C2FD0E20C0F244000121BF
:1064A000FEF706FB6C462046FEF734F940F2032067
:1064B0000090012021468DF80450FEF771F901206B
:1064C000052100220123FEF73DF901200121FEF7FD
:1064D00025F904B0B0BD0000026801F0030122F408
:1064E000405242EA01310160704700000068C0F389
:1064F00080707047026861F300020260704700001C
:10650000026801F0010122F4807242EA0121016077
:106510007047000002684FF29F73CFF6F9731A407C
:1065200002600268602942EA0102026018BF7047F7
:10653000816941F00101816170470000026801F04A
:10654000010122F0800242EAC1110160704700009F
:10655000026801F0030122F0600242EA4111016089
:1065600070470000026801F0030122F00C0242EAC9
:106570008101016070470000026801F0010122F40E
:10658000006242EAC121016070470000012906D083
:10659000032918BF70476FF0F85C182302E06FF40E
:1065A000780C1323016802F01F029A4001EA0C01E3
:1065B0001143016070470000026801F0010122F000
:1065C000100242EA011101607047000070B501211C
:1065D0000446FFF7D1FF20460121FFF7EDFF2046DB
:1065E0000121FFF779FF20460121FFF783FF0120FA
:1065F000FFF71AFB002600BFB5B2204601212A464C
:10660000FFF7C4FF0120FFF70FFB2046FFF76EFFE7
:1066100018B11F2D06F10106EED320460321FFF726
:106620005BFF0120FFF700FB002600BFB5B220464C
:1066300003212A46FFF7AAFF0120FFF7F5FA2046BB
:10664000FFF754FF002808BF70BD1F2D06F101069B
:10665000ECD370BDB0B582B00E20C0F24400012171
:106660000125FEF725FA0124C0F23004204601215D
:10667000FEF71EFA20460121FEF71AFA6C46204664
:10668000FFF77AF8009540F200450320C4F20205B6
:106690008DF8060028462146FFF776F80420009082
:1066A00028462146FFF770F843F60834C4F2010487
:1066B000204600210025FFF723FF20460021FFF799
:1066C0003DFF2046FFF782FF20460021FFF754FFE1
:1066D00020460021FFF71EFF20460021FFF742FF62
:1066E00020460021FFF734FF20460121FFF702FF7B
:1066F00040F2F840C2F20000058002B0B0BD0000D8
:1067000080B540F64A61C2F20001B1F9002049F6B5
:10671000991C4CF6CD43C1F6991CCCF6CC4302FB38
:1067200003C2B2F1333F16D2B0F804C0828AACEB98
:1067300002031BB2012B0CDBB0F90EE07345A8BFBE
:10674000ACEB0E02B0F80CC04388828003EB0C0265
:1067500042800020088008880130088080BD000049
:106760002DE9F04F81B040F6E850C2F2000000255C
:10677000456140F61860C2F20000456140F2B43055
:10678000C2F20000456141F28020C2F20000C0E97F
:10679000005540F64410C2F20000006840F2B0011B
:1067A000C2F200014D8000F0A3FC40F2F030C2F2D2
:1067B0000000C0E9045541F2E420C2F20000058067
:1067C00040F23C10C2F20000457041F2902040F6C9
:1067D000B25BC2F20000C2F2000B0570BBF9080008
:1067E000BBF91010BBF91280ABF800500091F9F71B
:1067F00022FF9FED290B02465AEC107B0B463846D0
:106800005146F9F773FE9FED260B56EC104B2246CE
:106810003346F9F7F9FDF9F71FFF8146ABF80A0097
:106820004046F9F708FF02460B4638465146F9F74D
:106830005DFE22463346F9F7E7FDF9F70DFF0099B3
:10684000ABF8140000291CBFA9EB000090FBF1F588
:1068500040F25801C2F20001BBF90600B1F926105E
:10686000ABF80E50484340F2DD41C2F20001097816
:10687000800BABF80200ABF8049011B101B0BDE899
:10688000F08F41F27620C2F200000021018001B0B9
:10689000BDE8F08F00BF00BF00000000804F024144
:1068A000000000000000D03F2DE9F04F81B02DED39
:1068B000028BA0B0044690F83E00092800F26F82D7
:1068C000DFE810F00A002600360064007400A10022
:1068D000B100E500260293012069B4F90A10B0F96D
:1068E0000000884240F33082A16B40F6C85209880C
:1068F000C2F200021180A18E40F6D252C2F2000212
:10690000118040F6DC51C2F200010880012044E20F
:1069100040F6D050C2F200000188228E01318BB2C5
:106920009342018040F23B8200210180022034E248
:106930002069B0F900502846F9F77DFE0646B4F903
:106940000A000F46F9F777FE9FEDED0B53EC102B85
:10695000F9F75AFD32463B46F9F752FE002800F09F
:106960008E80A06B40F6C8520088C2F200025080B0
:10697000A08E40F6D252C2F20002508040F6DC50A7
:10698000A9B2C2F200004180032006E240F6D050D6
:10699000C2F200000188228E01318BB29342018045
:1069A00040F2FD81002101800420F6E12069B0F968
:1069B00000502846F9F73FFE0646B4F90A000F4694
:1069C000F9F739FE9FEDD00B53EC102BF9F71CFDB6
:1069D00032463B46F9F714FE002850D0A06B40F633
:1069E000C8520088C2F200029080A08E40F6D252B7
:1069F000C2F20002908040F6DC50A9B2C2F2000060
:106A000081800520C9E140F6D050C2F20000018823
:106A1000228E01318BB29342018040F2C08100216D
:106A200001800620B9E12069B0F900502846F9F745
:106A300002FE0646B4F90A000F46F9F7FCFD9FED89
:106A4000F20B53EC102BF9F7DFFC32463B46F9F71B
:106A5000D7FDA0B1A06B40F6C8520088C2F2000278
:106A6000D080A08E40F6D252C2F20002D08040F612
:106A7000DC50A9B2C2F20000C18007208DE1A08ED7
:106A800000281CBF0138A0862068A28E66E140F66F
:106A9000D053C2F200031888218E013082B28A429C
:106AA000188040F27C81206800210022002500F03F
:106AB00009FF208994ED0A8B013065610194F9F793
:106AC000BAFDCDE9081040F6D250C2F20000841E93
:106AD00040F6DC50C2F20000A0F1020840F6C850B7
:106AE000C2F200009FEDC40BA0F1020B51EC180B99
:106AF000CDE9061052EC100B9FEDC10B9FEDC48A3F
:106B00000321CDE9042052EC100BCDE9022000BF97
:106B100034F9020F0A910B94F9F78DFD81463BF988
:106B2000020F0E46F9F787FD0746B4F90200BBF9DC
:106B300002200C465043F9F77EFD05468A4648463A
:106B400031463A462346F9F75FFC2A465346F9F7A1
:106B500055FC02460B46DDE90610F9F755FCDDE968
:106B60000432F9F7C3FCDDE90832F9F7BFFC38F964
:106B7000022F8146B8F902008A46101AF9F75BFD28
:106B800002460B46F9F799FBDDE90232F9F7AEFC54
:106B900002460B4648465146F9F7A8FC044618EE53
:106BA000100A0D46F9F777FD22460B9C2B46F9F7A4
:106BB00084FBF9F783FD0A9908EE100A0139A7D181
:106BC000B0EE080A88EE000A40F6D251C2F2000187
:106BD000019C09880020A18640F6D051C2F2000134
:106BE000A061088084ED050AD6E040F6DA58C2F2CA
:106BF0000008B4F90C0098F8001000BF0131CAB2C7
:106C000004EB4203B3F944308342F7DB94F832706B
:106C100004F14406B81A00EBD07041105FFA81F914
:106C2000A7EB6001CAB2A1EB600B36F9170036F989
:106C3000125088F800B0401BF9F7FDFC82465FFA5D
:106C40008BF036F910000E46281AF9F7F4FC0246CC
:106C50000B4650463146F9F749FC94ED010A94ED94
:106C6000051A02EE109AB8EEC22A21EE421AB8EEC8
:106C7000C00A81EE000A41EC180B10EE100AF9F779
:106C80000AFDB0EE480AF0EE680A06460D4601F02D
:106C900063FE53EC102B30462946F9F727FC41ECF4
:106CA000100B40F6E450C2F2000001780DF13009FB
:106CB00009EBC10282ED000B00220023DEB201339A
:106CC000DDB204EB4606BD42A6F84420F6D90131F8
:106CD000CDB20022092D88F8002084F832200170FE
:106CE00040D809EBC50010ED028BA069F9F7D3FC81
:106CF00002460B4651EC180BF9F7DFFA45E000BFEE
:106D0000000000000000E83F000000000000E03F3D
:106D10002069B4F90C10B0F9000088423FDC40F65D
:106D2000E550C2F2000001780131CAB20A2A0170AE
:106D300035D340F6E451C2F200010A78092A4DD851
:106D4000012184F83C104FE0A08E411C20898AB2BA
:106D5000824288BF01462068A1868AB2002100F0E5
:106D6000B1FD1CE0A069F9F796FC024609EBC500ED
:106D700010ED020B0B4651EC100BF9F79EFA9FED4C
:106D80001C0B53EC102BF9F7B1FB41EC100B51EC41
:106D9000100BF9F793FCA061082084F83E00B4F8CA
:106DA0004200B4F84010013082B28A42A4F8420096
:106DB0000ED940F6E450C2F200000021017040F606
:106DC000E550C2F2000001700420A186A4F83D0045
:106DD00020B0BDEC028B01B0BDE8F08F00220A703C
:106DE0000221A286A4F83D1000210170D7E700BF60
:106DF00000000000000024400000000000FEAF4042
:106E000000000000C0FFDF40000000000000D03F95
:106E10000000000000000000F0B581B004460069E9
:106E2000B0F900502846F9F706FC0646B4F90A0006
:106E30000F46F9F700FC9FED220B53EC102BF9F7EE
:106E4000E3FA32463B46F9F7C0FBE8B994F8320062
:106E5000C72819D8206803210122012500F0D2FC9F
:106E60002068A28E002100F02DFD206994F83210D8
:106E7000008804EB4102A2F84400481C84F8320068
:106E800084F83C5001B0F0BD94F83200A9B204EB94
:106E900040022068A2F8441000210022002500F0E2
:106EA00011FD20680321002200F0ACFC092084F8C9
:106EB0003C5084F83E0001B0F0BD00BF00BF00BFF1
:106EC000333333333333EB3F80B540F640104FF666
:106ED0000041C2F20000C0F60101016040F23C1026
:106EE000C2F200004FF6FF7141600620FFF7D8F9AB
:106EF00040F64411C2F20001086040F2F030C2F2E4
:106F00000000FEF779FD40F21810C2F20000FEF713
:106F100073FDFEF787FC41F2BE20C2F200000121A2
:106F2000017443F69821418280BD000010B50246ED
:106F30004069B2F90230916103FB0103906853612B
:106F4000834201DD506103E0D0688342B8BF5061E5
:106F5000D369B2F904C0B2F90000CB1A03FB0CFCF0
:106F60005369548C00FB01FE108C2341948C4EFA23
:106F700000FEB2F9100073444CFA04F42344834237
:106F8000D36204DCB2F912008342C8BF184600B2D3
:106F9000D16110BD418070470180704770B582B0EB
:106FA0000520C0F230000121FDF782FD6C4620462D
:106FB000FEF7E2FB002041F20045C0F20110C4F2EE
:106FC000020501904FF48076284621460096FEF790
:106FD000DBFBAE6102B070BD40F64860C2F200005B
:106FE000B0F900103422C4F201021160B0F90010AF
:106FF0005160B0F9000090607047000080B540F229
:10700000B00040F61861C2F20000C2F200014A8CE2
:10701000B0F9003040F6B25C03FA02F2C2F2000CA2
:1070200040F6E853B0F946004A61BCF90220C2F2CA
:107030000003598C424302FA01F140F2B43E596117
:10704000C2F2000EBCF91210BEF82230484341F2E1
:1070500080219A40C2F20001CEF81420486080BD21
:107060004FF60041C0F6010191ED4F0A40F21002C7
:10707000B8EEC00AC2F2000201F1400C82ED060A2D
:107080009CE80C10C96C02808AB2418447F6FF71FB
:10709000438001FA02F20023A0F820C0C0E90223D5
:1070A000016170474FF60041C0F6010191ED4F0AB2
:1070B00040F21002B8EEC00AC2F2000282ED060AE7
:1070C000D1E97D230280D1E97F21438002848AB205
:1070D000418447F6FF7101FA02F20023C0E902235E
:1070E000016170470E20C0F244000121FDF7E0BCB1
:1070F0000021C0F80210816070470000826BB1F976
:1071000012300A60828FC08F0A84B1F9102048843F
:10711000824003FA00F0C1E90220704710B540F642
:107120004C64C2F2000494F9080040F23C11C2F22F
:10713000000140F298330A78C0EBC000C2F20003AD
:1071400003EB400010F8122049F2E71330F8120068
:10715000C0F60003C2B2087049F2E010C0F60000A9
:10716000805C40F2C541C2F200019A5C4870022086
:10717000CA70FDF715FB0020206110BD40F6B2502B
:1071800040F2B001C2F20000C2F200014088B1F842
:107190004610484341F2E421C2F20001088040F267
:1071A000DF40C2F2000000210170704770B500247A
:1071B000C4F20104002040F2A40660626062C2F2E0
:1071C0000006316840F298054862C2F2000529685D
:1071D00049F2EE12486240F64C60C2F2000090F9AB
:1071E000080040F23C11C2F200010978C0EBC00077
:1071F000C0F6000202EB400010F81100A16948F649
:107200008F72114040F22042C2F2000232F8303058
:1072100002EBC0021943A161E1694FF68F739288B6
:1072200019401143E16140F25843216AC2F2000360
:107230004FF2222233F820001140084320622046FA
:10724000202100F0C9FB2046012100F081FE3068BA
:10725000012100F07DFE2868012100F079FE206800
:1072600040F001002060206840F00100206030689C
:10727000016841F0010101602868016841F00101E5
:10728000016040F20040C4F20000016841F00101D9
:10729000016070BDB0B540F23C15C2F2000504209B
:1072A000287040F2C0400024C2F200000121C4F264
:1072B000010401702046002100F07EFB20460021E1
:1072C00000F07AFB40F64C60C2F2000090F9080032
:1072D00049F2EE122978C0EBC000C0F6000202EBC2
:1072E000400010F81100FCF7D7FF2046202100F0E5
:1072F00073FB2046012100F059FB20460121BDE827
:10730000B04000F025BE000080B5FDF70BFC43F651
:107310000040C4F2020040F2551101601C20C0F28E
:1073200040000121FDF7C4FB47F21000C4F2000049
:10733000016841F00301016001200121FDF7EAFA33
:10734000FDF7A4FB0028FBD001203C2102220223F0
:10735000FDF7C2FB02200121FDF7DCFA1920FDF741
:1073600087FB0128FAD10020FDF786FA0520FDF7FA
:10737000B7FA0020FDF7A6FA0020FDF795FA0120E4
:10738000FDF7BCFA0220FDF705FC00BFFDF716FC77
:107390000228FBD10020FDF7B1FABDE8804000F0E3
:1073A00001B8000070B543F6040541F20024C4F2B0
:1073B0000205C0F27A04FDF701FC40F21C460228E7
:1073C000C2F2000613D001282CD0B0BBD5F89C0027
:1073D000400446F60040C0F2DC2058BF2046306032
:1073E000D5F8A010C1F3024120FA01F425E0286885
:1073F000296840022A682B6843F20060C0F26E10D0
:1074000058BF2046C3F3024311A4E35CC1F38811C3
:1074100002F00F02A0FB01015A430023F8F7EAFE35
:1074200004460AE043F20060C0F26E103060D5F806
:10743000A010C1F3C24120FA01F43460686806A1CB
:10744000C0F30310085C316821FA00F0306070BDB1
:1074500001020408102000000000000000000000ED
:1074600001020304060708094EF21001CEF20001E2
:107470000A68042822F0040208BF04320A60704738
:1074800080B50420FFF7F0FF40F21C40C2F200007C
:10749000006844F6D351C1F26201A0FB01018809E2
:1074A0004EF21001CEF200014860002088600868AA
:1074B00040F0030008604EF62350CEF20000302169
:1074C000017080BDC1628262416941F00101416188
:1074D0007047000070B588B01020C0F24400012150
:1074E0000125FDF7E5FA40F29806C2F20006306881
:1074F00042F6DF610022FFF7E5FF3068002100F06F
:1075000013FA06AC204600F01DFD0620C0F2010073
:10751000069040F2011230683179ADF81C20224605
:107520008DF81E5000F0ACFB306831794FF4FA72E0
:1075300000F0C8F930683179012200F061FB306851
:10754000042100F0BBFE3068022100F0CFFE46F2BD
:107550006C04C4F202042046FDF714FE01AD284677
:10756000FDF7B4FD0220C0F20010CDF80E0010208F
:107570003168ADF80C00B01D029001F138000190A7
:1075800040F20110C0F20120CDF812002046294639
:10759000FDF7B0FDA4F16C000121FDF775FE04F1CB
:1075A000AC000121FDF7A2FE20460121FDF782FD7E
:1075B00008B070BDF0B58BB01120C0F244000121BD
:1075C0000126FDF775FA40F2A407C2F200073868F9
:1075D00042F6DF610022FFF775FF3868002100F0F6
:1075E000A3F909AC204600F0ADFC0720C0F2010071
:1075F000099040F201113868ADF8281000212246A8
:107600008DF82A6000F03CFB386800210A2200F067
:1076100059F938680021002200F0F2FA38684FF476
:107620000071012200F0CAF93868002100F0BEF9AB
:1076300046F25804C4F202042046FDF7A3FD04AD4F
:107640002846FDF743FD0220C0F2001057F8041B46
:10765000CDF81A001020ADF8180001F134000490A4
:1076600040F20110C0F20120CDF81E00204629464C
:107670000597FDF73FFD01AD2846FDF731FE4FF4BC
:107680008A70ADF8040004F1C800294602968DF80E
:107690000C60FDF701FE254655F8BC0F012140F4B2
:1076A00000702860A4F15800FDF7EEFD2846522135
:1076B000FDF71CFE20460021FDF7FCFC0BB0F0BDE1
:1076C000426C01F00F0122F4702242EA0141416450
:1076D000704700000B784A78022B0AD1022A17D093
:1076E000012A19D0002A18BF70478A7850F8643FE1
:1076F00007E0022A14D0012A1CD06ABB8A7850F80D
:10770000603F62F3000303606FF4007C09231AE01A
:107710008A7850F8643F06E08A7850F8643F0CE0BD
:107720008A7850F8603F62F3820303606FF4006C64
:107730000B2308E08A7850F8603F62F3410303604E
:107740006FF4806C0A23C978026801F00101994046
:1077500002EA0C0211430160704700000A78436C92
:1077600023F0FF031A4442644A79436C02F0010299
:1077700023F4806343EA822242640A79436C02F074
:10778000010223F4006343EAC22242644A78436C54
:1077900002F0010223F4005343EA42324264CA7801
:1077A000436C02F0010223F4804343EA82324264D4
:1077B0008A79436C02F0010223F4805343EA0232D7
:1077C00042648978426C01F0030122F4407242EA7B
:1077D00001214164704700000021C0F803100160DE
:1077E00070470000426861F3000242607047000089
:1077F000426801F0010122F0080242EAC101416041
:1078000070470000092988BF7047DFE801F0050ACA
:10781000131C252E37404952016A62F300010162B0
:107820007047016A02F0010221F0040141EA82017D
:1078300001627047016A02F0010221F0100141EA81
:10784000021101627047016A02F0010221F0400159
:1078500041EA821101627047016A02F0010221F4DB
:10786000807141EA022101627047016A02F001025F
:1078700021F4806141EA822101627047016A02F0CD
:10788000010221F4805141EA023101627047016A2C
:1078900002F0010221F4803141EA024101627047A5
:1078A000016A02F0010221F4801141EA02510162F1
:1078B0007047016A02F0010221F4804141EA8231FD
:1078C000016270470D2988BF7047DFE801F007218A
:1078D00009210B210D0F142116191C1F426370473B
:1078E00082637047C263704702647047816DC2EA69
:1078F000010181657047C2657047C0F880207047FC
:10790000C0F884207047C0F888207047C0F88C20E9
:1079100070470000026801F0030122F4407242EA5D
:107920000121016070470000026801F0070122F0A8
:10793000700242EA011101607047000010B582B088
:107940000120C0F240000121FDF7B2F840F20044EE
:10795000C4F2000420460121FFF7DCFF20464FF669
:10796000FF718922FFF7AEFD20460021FFF7DCFF03
:107970000220C0F60170019001A92046002200F00B
:1079800047F820464FF4007100F03EF820460421ED
:1079900000F026F820460421002200F019F92046C4
:1079A000002100F003F802B010BD0000026861F38E
:1079B00000020260704700004162704732B1012A44
:1079C00018BF7047C2681143C1607047C26822EA9D
:1079D0000101C16070470000426911434161704775
:1079E000C9430161704700000069084018BF0120C9
:1079F00070470000426801F0010122F0040242EAEF
:107A00008101416070470000826E114381667047BA
:107A100080B591F800C0BCF1060F88BF80BDDFE8DB
:107A20000CF004D634D667D69C0091F801C050F80B
:107A3000203F02F003026CF34103036091F801C0A0
:107A4000D0F800E04FEA5C0363F3C30EC0F800E037
:107A500091F802C050F8083C6CF3010340F8083C70
:107A6000C97850F8083C01F00F0123F0F00343EA15
:107A7000011140F8081C50F8081C21F00C0141EAE3
:107A8000820140F8081C01219EE091F801C050F8E5
:107A9000203F02F003026CF34513036091F801C02C
:107AA000D0F800E04FEA5C0363F3C71EC0F800E0C3
:107AB0008B7850F808CC03F0030E2CF4407343EAA3
:107AC0000E2340F8083CC97850F8083C01F00F013B
:107AD00023F4704343EA013140F8081C50F8081CB5
:107AE00021F4406141EA822140F8081C10216BE03A
:107AF00091F801C050F8203F0CF0010C23F4007302
:107B000043EA4C23036091F801C0D0F800E04FEA4B
:107B10005C0363F3CB2EC0F800E091F802C050F88C
:107B2000043C02F003026CF3010340F8043CC97802
:107B300050F8043C01F00F0123F0F00343EA011177
:107B400040F8041C50F8041C21F00C0141EA8201A9
:107B500040F8041C4FF4807136E091F801C050F8F1
:107B6000203F0CF0010C23F4005343EA4C33036034
:107B700091F801C0D0F800E04FEA5C0363F3CF3E18
:107B8000C0F800E08B7850F804CC03F0030E2CF41E
:107B9000407343EA0E2340F8043CC97850F8043C93
:107BA00001F00F0123F4704343EA013140F8041C53
:107BB00050F8041C02F0030221F4406141EA8221E2
:107BC00040F8041C4FF4805102681143016080BDED
:107BD00032B1012A18BF7047C2681143C1607047B3
:107BE000C26822EA0101C16070470000026801F02A
:107BF000010122F0080242EAC10101607047000061
:107C0000082988BF7047DFE801F0053A0E3A173AB5
:107C100020293200816902F0010221F0080141EAC5
:107C2000C20181617047816902F0010221F40061A3
:107C300041EAC22181617047C16902F0010221F06D
:107C4000080141EAC201C1617047C16902F0010245
:107C500021F4006141EAC221C1617047416D02F027
:107C6000010221F0080141EAC20141657047416DFE
:107C700002F0010221F4006141EAC221416570472E
:107C800080B5082988BF80BD92F800E04FEADE0C7D
:107C9000DFE811F009005701400057017B00570150
:107CA000C20000012C015178436801F0010123F466
:107CB000807343EA012141609178436801F001013A
:107CC00023F4007343EA4121416081690EF0070308
:107CD00021F0700141EA0311816181690CF0010317
:107CE00021F4803141EA03418161D178036A61F373
:107CF000410303621179036A61F3C303036251799B
:107D0000036A61F3000303629179026A61F38202FC
:107D1000026280BD5178436801F0010123F4806361
:107D200043EA812141609178436801F0010123F425
:107D3000006343EAC121416081690EF0070321F429
:107D4000E04141EA0331816181690CF0010321F0D6
:107D5000807141EA03618161D178036A61F345135F
:107D600003621179036A01F0010123F0800343EA01
:107D7000C11101625179036A61F3041303629179BD
:107D8000026A61F38612026280BD5178436801F095
:107D9000010123F4805343EA013141609178436843
:107DA00001F0010123F4005343EA41314160C1690C
:107DB0000EF0070321F0700141EA0311C161C169AE
:107DC0000CF0010321F4803141EA0341C161D17813
:107DD000036A01F0010123F4007343EA41210162C7
:107DE0001179036A01F0010123F4006343EAC12120
:107DF00001625179036A01F0010123F4807343EABF
:107E0000012101629179026A01F0010122F480628C
:107E100042EA8121016280BD5178436801F001018D
:107E200023F4804343EA81314160C1690EF00703C6
:107E300021F4E04141EA0331C161C1690CF0010361
:107E400021F0807141EA0361C161D178036A01F0D8
:107E5000010123F4005343EA413101621179036ABD
:107E600001F0010123F4004343EAC1310162517979
:107E7000036A01F0010123F4805343EA01310162F6
:107E80009179026A01F0010122F4804242EA8131D3
:107E9000016280BD5178436801F0010123F4803311
:107EA00043EA01414160416D0EF0070321F070018A
:107EB00041EA03114165416D0CF0010321F4803169
:107EC00041EA03414165D178036A01F0010123F4DD
:107ED000003343EA414101625179026A01F0010134
:107EE00022F4803242EA0141016280BD5178436848
:107EF00001F0010123F4802343EA81414160416D97
:107F00000EF0070321F4E04141EA03314165416D80
:107F10000CF0010321F0807141EA03614165D178E1
:107F2000036A01F0010123F4001343EA41510162A5
:107F30005179026A01F0010122F4801242EA0151F2
:107F4000016280BD0021C0F803100160704700008D
:107F5000426C01F0010122F4004242EAC131416465
:107F600070470000026801F0010122F0800242EA3D
:107F7000C111016070470000426801F0070122F062
:107F8000700242EA01114160704700002DE9F04F94
:107F900089B04FF0000A4FF488000121CDE906AA0C
:107FA000CDF80BA0CDF808A04FF00108FCF780FD3C
:107FB0004FF440100121FCF77BFD4FF440100121EC
:107FC000FCF776FD4FF440100121FCF771FD012410
:107FD000C0F23004601C0121FCF76AFD204601213B
:107FE000FCF766FD20460121FCF762FD06AD284640
:107FF000FDF7C2FB002440F20020C4F20104C0F2ED
:10800000021004F5803607904FF4807B30462946F5
:10801000CDF818B0FDF7B8FB304608210122FDF776
:10802000EDFB4FF40077304629460697FDF7ACFB91
:10803000304609210122FDF7E1FB4FF480600690F4
:1080400030462946FDF7A0FB30460A210122FDF704
:10805000D5FB02208DF81D004FF4005004F5843646
:10806000069030462946FDF78FFB30460D210A2247
:108070004FF00D09FDF7C2FB04F582363046294664
:10808000CDF818B0FDF780FB304608210122FDF73E
:10809000B5FB304629460697FDF776FB30460921A9
:1080A0000122FDF7ABFB02AD204629468DF80EA05C
:1080B000FFF754FB20468021FFF792FC20468021E9
:1080C0000022FFF785FD20460021FFF76FFC2046C8
:1080D000002100F0ADF8204642F6DF610022FFF7F4
:1080E000F1F920460121FFF73DFF20460021FFF76F
:1080F0001BFC04AE3046FFF725FF20460021324628
:108100008DF810A08DF81580CDF811A0FFF7B8FDFF
:10811000204600210022FFF7D5FB20460021012246
:10812000FFF76EFD204602213246FFF7A9FD2046EB
:1081300002210022FFF7C6FB204602210122FFF7A1
:108140005FFD204604213246FFF79AFD20460421B8
:108150000022FFF7B7FB204604210122FFF750FD64
:1081600007208DF810002046062132468DF816A013
:10817000FFF786FD204606210022FFF7A3FB2046DD
:1081800006210022FFF73CFD20460221FFF7C2FB3B
:108190002846FFF721FB40F20110ADF80C00204605
:1081A00029468DF80EA08DF80BA08DF80890ADF83B
:1081B0000980FFF7D3FA20460321FFF781FA40F246
:1081C0000010C0F20100019001A92046FFF782FAD9
:1081D00020460021FFF70EFC20460121FFF702FB9D
:1081E00020460121FFF7FCFB20468021FFF7F8FB2A
:1081F000204680210122FFF7EBFC204601210122CD
:10820000FFF7E6FC20460021FFF7F0FC20460021A6
:10821000FFF79EFE20460121C4F824A000F05CF880
:1082200020460221FFF7A8FE09B0BDE8F08F00004C
:1082300044F2FF32C4F20102904207DC0022C4F291
:10824000010290420FD044F2000207E044F600021F
:10825000C4F20102904206D044F20042C4F201028C
:10826000904218BF7047026B4FF6FF739A43114458
:108270000163704710B51220C0F244000121FCF7E1
:1082800017FC44F60004C4F2010420464FF6FF71C7
:108290005A22FFF717F920460021FFF745FB204639
:1082A0000121FFF79DFB204601210122FFF790FCF1
:1082B00020460021BDE81040FFF778BB826861F3DB
:1082C000020282608268C1F3C00122F4803242EA75
:1082D0000141816070470000826801F0010122F0D5
:1082E000800242EAC111816070470000826801F09B
:1082F000070122F0700242EA01118160704700001C
:10830000B0B582B0044680680121FCF7D1FBE0687B
:108310000121FCF7CDFB20690121FCF7C9FB6D466B
:108320002846FDF729FA4FF081700190D4E9050144
:1083300000912946FDF728FA40F20110ADF804003B
:1083400002208DF80600D4E9080100912946FDF7C6
:108350001BFA6069217F94F82920FDF74FFA206A03
:1083600094F8281094F82A20FDF748FAD4E900017F
:108370000122002300F06EF92068012100F0DCF9F1
:108380002068012100F0CEF92068012100F032F9C7
:108390002068012100F024F920680421C0F20C01BA
:1083A000012200F0AFF92068012100F02DF902B0A0
:1083B000B0BD000041F2D220C2F2000000210160F5
:1083C0000121818040F21040C2F2000040F65412B8
:1083D000D0E900130089C2F200021081A2F836022F
:1083E000FF2082F80A0282F8380446F23000116059
:1083F000C2F82E12C4F2020001215360C2F83232D8
:10840000FCF758BEF0B581B041F2D827C2F20007A0
:108410007C78BE7840F66465C2F20005022C6C7070
:108420002E7006D3621EA81CF91CF7F714FFA01CBF
:1084300000E00320385C022C06EB0401287307D30C
:108440006A1C634212F8017F01335E1C3944F9D182
:1084500001EB1121C9B2884219D140F27444C2F231
:10846000000440F2C4402178C2F20000002210292A
:10847000027024BF0120207040F66460C2F2000048
:10848000F9F722FB20780130207001B0F0BD40F2F6
:108490007440C2F20000007841F2962CA0F120074F
:1084A000C2F2000C0120ACF8010009208CF8030096
:1084B0000A2050FA87F040F2FB4100EB1022002323
:1084C000C2F200018CF800708CF8272005E000BF94
:1084D0000020C8540133052B10D09EB2002E384620
:1084E000F7D0022EF4D0012E02D10120F1E700BF17
:1084F0001046032B98BF1CF80300EAE740F2C44083
:10850000C2F200000121017001B0F0BD2DE9F0437D
:1085100081B040F64C10C2F2000040F6B05840F274
:10852000AC06D0E90010C2F20008C2F2000633889F
:1085300098F8004040F654190A78C2F2000940F257
:108540002E255F1C14FB05943780E25449789A1C51
:10855000BFB23280E1550178DF1C92B23780A1545E
:10856000191D40788AB23180B9B2B2F5027F6054E9
:1085700032D946F21C04C4F2020420460021FCF762
:1085800099FD98F8000010FB0590E06040F2C440AF
:10859000C2F20000007870B198F8000040F22E217D
:1085A00010FB019040F2FB4100F20A20C2F20001F0
:1085B0002422F7F750FE204640F22E21FCF784FDDE
:1085C00020460121FCF776FD98F8000080F00100BC
:1085D00088F800000A20308001B0BDE8F083000078
:1085E000426901F0010122F0400242EA8111416139
:1085F00070470000426901F0010122F0800242EA66
:10860000C111416170470000C26801F0010122F40C
:10861000005242EA4131C16070470000B1F5003FAD
:1086200006D0B1F5006F07D14FF4006101627047C9
:108630004FF4003101627047CA0602D001684068F9
:108640007047C943016070470068084018BF0120A7
:10865000704700002DE9F04184B06D46044628467D
:10866000984616460F46FCF793F941F2000105F1D2
:108670000C00C4F201018C4208BF05F1080000683B
:108680004CF6CD4100EB80004000B0FBF7F0CCF69B
:10869000CC41A0FB0112D10801EB8103A0EB430008
:1086A0000428A0684FF0010388BF03EBD201C1EAA0
:1086B0000000012EA06009D08EB9E06840F0805023
:1086C000E060E06820F48050E06010E0E06820F0B6
:1086D0008050E060E06820F48050E06007E0E068EF
:1086E00020F08050E060E06840F48050E060206955
:1086F00008F0030120F4405040EA0130206104B04A
:10870000BDE8F08101F01F034FF0010C012A0CFAC3
:1087100003F24FEA11410B5814BF23EA02021A4335
:108720000A507047C26801F0010122F0040242EAD7
:108730008101C16070470000C26801F0010122F0B0
:10874000080242EAC101C16070470000F0B581B083
:1087500040F2285340F2EA41C2F20003C2F20001A3
:1087600040F674641B78B1F9001040F2EC42C2F29A
:108770000004C2F20002128840F2E84540F2FA46D4
:10878000C4E9033140F2DC41C2F20005C2F2000646
:1087900004F11400C2F2000140F61863002741F210
:1087A000FE5C2D88367864C0097840F2DD42C2F262
:1087B000000341F2AC5E84E88050C2F20002188CE3
:1087C00004F1200C12788CE8860004F13401B3F92E
:1087D0000060B3F902505B8C89C140F6E850C2F2E8
:1087E0000000B0F90010B0F90220038C408C04F1B5
:1087F000400C8CE80E00E06404F150003021C4E924
:108800000B65F7F741FD41F28E204FF4E15CC82182
:10881000C2F200000088C4E920C140F21001C2F297
:10882000000191ED060AC4F89C0041F2EC2041F2EF
:10883000EA2141F2802241F28C25C2F20000C2F20C
:108840000001C2F20002C2F20005B0F90000B1F965
:108850000010B2F90830B2F90A204BF27006B5F9EF
:10886000005044F69077CFF6FF76BDEEC00AC4E91B
:10887000280104F1A8008821C4E92232C4E9247641
:10888000C4F8985084ED4F0AF7F7FEFC40F2580008
:10889000C2F20000B0F93210B0F9340041F2922671
:1088A000C4E9561040F6B250C2F2000040F62C1552
:1088B000B0F906E0B0F90820B0F90C30B0F910C0FA
:1088C000B0F91200C2F20006C2F20005B6F900606B
:1088D0002F886988C4E96F30A888C4E971C6C4E9E3
:1088E0007371E98804F5EA7CC4E96DE22A896B8931
:1088F0008CE80F0040F2741040F2C011C2F2000088
:10890000C2F2000190F9030091F83D2004F5FA7CD1
:10891000C4E97A0240F2B430C2F20000B0F900209B
:10892000B0F90230078C408C8CE88C00C4F800024F
:10893000D1E905032146C4F820034FF60040C0F6F4
:1089400001004FF48072C4F8243301B0BDE8F04058
:10895000FCF7BCBD0000000070B5D94B00242DED24
:10896000020B2DED108BDDE91010984205DA20F096
:1089700000429A4201D809D141B19DED100BBDECE6
:10898000108B02B0BDE8704000F04EBBB0F5801F08
:1089900026DA11430BD0002813DA012000F070FB17
:1089A000BDEC108B02B0BDE8704000F049BB022066
:1089B00000F066FB00F020FB51EC100B81F0004151
:1089C0009EE06FF035049FEDC00B53EC102B9DED36
:1089D000100B51EC100BF7F717FDCDE9100108460D
:1089E00004EB2051C0F31304B948A1F2FF31204435
:1089F00000F4801080F07F6282F04052224301EB4D
:108A000020559FEDB50B119253EC102B9DED100BE3
:108A100051EC100BF7F7F2FC41EC180BA01CC0F363
:108A200013009FEDAFDB9FEDB0EBB14E7E4403280A
:108A30006CD296ED000B51EC180B53EC102BF7F7A2
:108A400063FF1DD1002D01BF96ED000BBDEC108B17
:108A500002B070BD2846F7F7EEFD41EC180B53EC61
:108A60001D2BF7F7D1FC41EC190B53EC1E2B51ECED
:108A7000180BF7F7C9FC53EC192BF7F71EFC3FE076
:108A80009FED9D0B51EC180B53EC102BF7F7BCFC32
:108A90009FED9B1B53EC112BF7F7B3FC41EC190B2B
:108AA00053EC182B51EC180BF7F7AEFC53EC192BC9
:108AB000F7F7AAFC41EC190B002D04BF53EC192B5E
:108AC00051EC180B1AD02846F7F7B5FD41EC1A0BFC
:108AD00053EC1D2BF7F798FC53EC192BF7F791FC8F
:108AE00053EC182BF7F78AFC41EC180B53EC1E2BB8
:108AF00051EC1A0BF7F788FC53EC182BF7F77EFCB8
:108B0000BDEC108B02B041EC100B70BD9FED7E0BE5
:108B100051EC180B53EC102BF7F7CFFB41EC100B7B
:108B200051EC180B53EC102BF7F7E0FC41EC190B50
:108B30002846F7F780FD41EC1B0B53EC192B51EC49
:108B4000190BF7F761FC41EC1A0B714853EC1A2B27
:108B5000261851EC1A0BF7F757FC41EC1F0B6D4828
:108B6000C4F1510404F5D724B0EE4F0AF0EE6F0AB9
:108B70000321784400F0C4F953EC1F2B51EC100B87
:108B8000F7F742FC41EC1C0B6348B0EE4F0AF0EEE5
:108B90006F0A0421784400F0B3F953EC1A2B51EC1E
:108BA000100BF7F731FC344353EC1C2BF7F785FB24
:108BB00041EC1C0B002C4CDD9FED510B51EC180BC4
:108BC00053EC102BF7F720FC53EC182BF7F71CFC99
:108BD00041EC1A0B55B353EC1D2B51EC1B0BF7F763
:108BE00013FC41EC1D0B53EC1C2B51EC1A0BF7F74B
:108BF00064FB53EC192BF7F707FC53EC1D2BF7F72D
:108C00005CFB53EC1A2BF7F7FCFB53EC182BF7F734
:108C1000F5FB41EC180B53EC1E2B51EC1B0BF7F73B
:108C2000F3FB53EC182BF7F7E9FB69E753EC1C2B2C
:108C300051EC1A0BF7F741FB53EC192BF7F7E4FB58
:108C400053EC1A2BF7F7DDFB53EC182BF7F7D9FB96
:108C500056E735B353EC1D2B51EC1B0BF7F7D4FB48
:108C600041EC1A0B53EC1C2B51EC180BF7F7C6FB1D
:108C700053EC192BF7F7C8FB53EC1A2BF7F7BEFB95
:108C800053EC182BF7F7BAFB41EC180B53EC1E2BE7
:108C900051EC1B0BF7F7B8FB53EC182BF7F7AEFBB7
:108CA0002EE753EC1C2B51EC180BF7F7A7FB53ECFA
:108CB000192BF7F7A9FB53EC182BF7F7A2FB1FE7CB
:108CC0000000F07F000000000000000000005043A2
:108CD000645F090000000000000000000000F03F99
:108CE000763C7935EF39EA3D0000E0FE422EE63F62
:108CF000A007000000000000555555555555D53FBB
:108D0000000000000000E03F000000000000004004
:108D100086EBF9FF220600001806000000000000A4
:108D200000B52DED028BB0EE408AF0EE608A18EEB1
:108D3000101A85B018EE900A8DED028B002918BF2D
:108D40000121084320F00040C0F17F6000F1E040C5
:108D5000C00F08D151EC180B9FED290B53EC102BD1
:108D6000F7F7D2FD09D1B0EE480AF0EE680A00F03C
:108D70005BF905B0BDEC028B00BD9FED230B51EC00
:108D8000180B53EC102BF7F7BFFD08D2012000F0B1
:108D900077F900F055F905B0BDEC028B00BD6A46CD
:108DA00051EC180B00F074F941EC100B00980028FE
:108DB0000BDD401E9FED161B009053EC112B51EC68
:108DC000100BF7F721FB41EC100B51EC100B00F0EE
:108DD000A5F99FED111B53EC112BF7F787FB41EC25
:108DE000180B0098F7F727FC53EC182BF7F765FAE8
:108DF00005B041EC100BBDEC028B00BD0000000083
:108E0000000000000000F07F0000000000000000F3
:108E10000000000000000040EF39FAFE422EE63F5D
:108E200010B52DED020B2DED088B84B09DED0C0BD4
:108E300051EC100BF7F724FD41EC180B9DED0C0BDA
:108E400053EC182B51EC100BF7F7D8FA41EC190B37
:108E50000D989FED290B10F0004F53EC102B51ECA7
:108E6000190B9FED21AB9FED22BB0ED0F7F74CFD08
:108E70000ED953EC1B2B51EC190BF7F75DFD1CD2EF
:108E800014E000BF41EC180B17E0F7F73DFD06D2E8
:108E900053EC1A2B51EC180BF7F7B0FAF2E753EC3E
:108EA0001B2B51EC190BF7F747FD06D853EC1A2B87
:108EB00051EC180BF7F701FAE4E78DED028B9DED0D
:108EC0000C0B18EE901A10EE900A8DED000B61F36A
:108ED0001E0003909DED020B04B0BDEC088B02B0A8
:108EE00010BD000000000000000000000000F03F86
:108EF000000000000000E03F000000000000E0BFB4
:108F000070B504462DED028B4D1E00EBC500B0EE92
:108F1000408AF0EE608A90ED000B35F0060017D025
:108F200053EC182B51EC100BF7F76EFA41EC100BC9
:108F30006D1E04EBC50090ED001B51EC100B53ECC3
:108F4000112BF7F7BAF941EC100B35F00600E7D119
:108F5000022D36D0042D1CD0062D1CBFBDEC028B7B
:108F600070BD53EC182B51EC100BF7F74DFA94ED44
:108F70000A1B53EC112BF7F7A0F953EC182BF7F75A
:108F800043FA94ED081B53EC112BF7F796F941ECDB
:108F9000100B53EC182B51EC100BF7F735FA94ED3E
:108FA000061B53EC112BF7F788F953EC182BF7F746
:108FB0002BFA94ED040B53EC102BF7F77EF941ECF0
:108FC000100B53EC182B51EC100BF7F71DFA94ED26
:108FD000021B53EC112BF7F770F953EC182BF7F732
:108FE00013FA94ED001B53EC112BF7F766F9BDEC67
:108FF000028B41EC100B70BD9FED070B10B553ECCD
:10900000102B9FED070B51EC100BF7F76FFA41ECAB
:10901000100B10BD00000000000000000000000068
:10902000000000000000F03F10B553EC102B51EC95
:10903000100BF7F742F941EC100B10BD00000000D7
:109040009FED050B10B553EC102B51EC100BF7F7FF
:109050004DFA41EC100B10BD0000000000000000B4
:1090600002E008C8121F08C1002AFAD170477047F1
:10907000002001E001C1121F002AFBD1704700004F
:10908000014908607047000008000020000000004F
:1090900010B582B01446CDE900010023009A236088
:1090A000194B21F0004098422ADA024328D0B0F54B
:1090B000801FA8BF226810DA9FED150B53EC102B10
:1090C0009DED000B51EC100BF7F79EF9CDE9000177
:1090D0006FF0350221F0004022600F4B6FF31E51FC
:1090E00003EB20501044206041F0FF5040F000504E
:1090F00001909DED000B00BF02B051EC100B10BDB4
:109100009DED000BF8E700000000F07F000000007C
:10911000000000000000504302FCFFFF10B541ECCE
:10912000100BFFF719FC51EC100B10BDF0B50B3014
:10913000154D20F007010024144A0FE003688B420C
:109140000BD38B4205D95E1A43184768C3E9006701
:1091500000E04368136002C004E0021D10680028AC
:10916000ECD12046002802D1286808B10020F0BDCB
:10917000064A07481060074A121A22F00702C0E99F
:10918000002401202860D7E7040000200000002010
:10919000F4120020F014002004FA97999999D93F0D
:1091A000AF788E1DC571CC3F9FC678D0099AC33F5A
:1091B000935555555555E53F599322942449D23F2F
:1091C000DE03CB966446C73F44523EDF12F1C23FF6
:1091D0000000000000000000000000000102030485
:1091E0000505040707040500000001000101000057
:1091F0000100020003000400050006000000060054
:109200000500040003000200010000000600010048
:10921000020003000400050000000300020001003A
:10922000060005000400415433324D3431325F4DA5
:109230003431365F4D4C5F56322E312E35000000F2
:1092400000000000000000006892000800000020FC
:10925000B00400008C090008A0930008B0040020AE
:109260004014000070900008011013D4011B20D896
:109270000431366014274C401DE0DDBD4B08200949
:10928000C041EB06B80B8B180324983A1A01341925
:10929000041A480415210140200219B467882C687B
:1092A00010C81964B0040F154001400235CC158672
:1092B00010154401400AB472060A03273D79197C4F
:1092C000611B435590699C790A011829E4031AD05F
:1092D0000712FF1212EA0614F2FF6C04024004297E
:1092E000C732206A082C1B0377833AF487093A486F
:1092F00019CC244030754EB70BDD0362DB291F010A
:10930000144EA06888EF3F72214BBA042803FF1067
:109310002701991205120312011206120432021AD1
:10932000030A1A02141A011064B80B6444FCFF010A
:10933000E3FF7F1A0A02C14BE02E044123E8033AFF
:109340002C3601162AAA012ABB013113127A236096
:109350005019033904426019053910390D190F29C4
:109360000D4119082913290429132345041B040559
:109370000C19082A5410311A40101A0510397F1F91
:1093800010014060E316CE1A44103A30041135043F
:109390000240404206190C32806407070762100041
:020000040801F1
:10FC000002000000FE150000AC150000020000001C
:10FC1000220100003200000005000000000000008A
:10FC200005000000000000000A000000E8030000DA
:10FC3000140000000C0000000F0000000F00000086
:10FC40002C010000941100000F0000000F000000C4
:10FC5000140000001500000016000000170000004E
:10FC600018000000190000001A0000001B0000002E
:10FC70001C0000001D0000001E0000001F0000000E
:10FC8000201C0000C8000000050000000500000066
:10FC9000904F000070B0FFFF7400000027000000CC
:10FCA0001E0000000A0000002A0000002B000000D7
:10FCB0002C0000002D0000002E0000002F0000008E
:10FCC000300000003100000032000000330000006E
:10FCD000340000003500000036000000370000004E
:10FCE00038000000390000003A0000003B0000002E
:10FCF0003C0000003D0000003E0000003F0000000E
:10FD000040000000410000004200000043000000ED
:10FD100044000000450000004600000047000000CD
:10FD200048000000490000004A0000004B000000AD
:10FD30004C0000004D0000004E000000EB060000EB
:10FD4000500000005100000052000000530000006D
:10FD500054000000550000009CFFFFFF9CFFFFFFC8
:10FD600058000000590000005A0000005B0000002D
:10FD70005C0000005D0000005E0000005F0000000D
:10FD800060000000610000006200000063000000ED
:10FD900064000000650000006600000067000000CD
:10FDA00068000000690000006A0000006B000000AD
:10FDB0006C000000FF030000640000000800000069
:10FDC0005802000078000000FF0700000200000059
:10FDD0000300000001000000050000000400000016
:10FDE000060000000000000000000000000000000D
:10FDF0007C000000B80B0000640000000A00000056
:10FE00000A00000081000000820000008300000062
:10FE10008400000085000000860000000000000053
:10FE200000000000000000000000000000000000D2
:10FE300000000000000000000000000000000000C2
:10FE400000000000000000000000000000000000B2
:10FE500000000000000000000000000000000000A2
:10FE60000000000000000000000000000000000092
:10FE70000000000000000000000000000000000082
:10FE80000000000000000000000000000000000072
:10FE90000000000000000000000000000000000062
:10FEA0000000000000000000000000000000000052
:10FEB0000000000000000000000000000000000042
:10FEC0000000000000000000000000000000000032
:10FED0000000000000000000000000000000000022
:10FEE0000000000000000000000000000000000012
:10FEF0000000000000000000000000000000000002
:10FF000000000000000000000000000000000000F1
:10FF100000000000000000000000000000000000E1
:10FF200085EB713F376F9C3A000000000000000035
:10FF300000000000000000000000000000000000C1
:10FF400000000000000000000000000000000000B1
:10FF500000000000000000000000000000000000A1
:10FF60000000000000000000000000000000000091
:10FF70000000000000000000000000000000000081
:10FF80000000000000000000000000000000000071
:10FF90000000000000000000000000000000000061
:10FFA0000000000000000000000000000000000051
:10FFB0000000000000000000000000000000000041
:10FFC0000000000000000000000000000000000031
:10FFD0000000000000000000000000000000000021
:10FFE0000000000000000000000000000000000011
:10FFF0000000000000000000000000000000000001
:04000005080001BD31
:00000001FF
